Timestamp,Hashrate,Addresses,Supply,Trx_Fee,Trx/Day
7/30/2015,11.5297,9205,72049306.59375,0,8893
7/31/2015,51.4594,9361,72085498.31250,0,0
8/1/2015,57.7845,9476,72113204.25000,0,0
8/2/2015,67.9224,9563,72141427.68750,0,0
8/3/2015,74.5737,9639,72169404.40625,0,0
8/4/2015,82.0352,9696,72197882.84375,0,0
8/5/2015,86.1558,9749,72225411.43750,0,0
8/6/2015,88.3326,9790,72252486.90625,0,0
8/7/2015,95.2981,10314,72279924.56250,37318413511279304835,2050
8/8/2015,104.8971,10730,72307868.00000,68099970071856826797,2881
8/9/2015,109.6916,11004,72335046.28125,14098949703205590944,1329
8/10/2015,120.5988,11679,72362863.62500,31165144438378735884,2037
8/11/2015,134.7695,13576,72390891.43750,11311448586019755030,4963
8/12/2015,143.0004,13913,72418262.37500,32586992404377741650,2036
8/13/2015,156.6101,14459,72446530.50000,24929169109943118841,2842
8/14/2015,196.7576,15024,72477637.21875,14354834112827458118,3174
8/15/2015,227.6650,15407,72506149.87500,8836593028046850811,2284
8/17/2015,258.9066,15693,72534268.78125,7642811839634956979,2512
8/16/2015,231.8948,15984,72561363.31250,6677237924905556046,2440
8/18/2015,270.4645,16268,72587526.12500,11906071340176042601,2494
8/19/2015,284.0496,16553,72614808.15625,15430950669480218002,3246
8/20/2015,221.4382,16773,72635865.18750,6855566942706630722,2303
8/21/2015,277.2820,17070,72662556.12500,7855041724705318491,3919
8/22/2015,312.6127,17313,72690106.59375,42547171829582457556,3579
8/23/2015,317.1623,17662,72716362.21875,8049767672901801716,4190
8/24/2015,333.3458,17839,72743695.50000,8876285419798610754,4432
8/25/2015,325.2465,18089,72770431.59375,8259755825110535782,4487
8/26/2015,343.1277,18298,72796569.56250,7447729278556984663,4156
8/27/2015,341.1168,18508,72821102.37500,8670963042887940562,5590
8/28/2015,355.2287,18687,72845327.53125,9925148370505206658,4758
8/29/2015,351.4530,18815,72867852.53125,5507451526061552074,4139
8/30/2015,340.1440,19017,72889306.12500,5634173742432616856,4572
8/31/2015,359.3523,19168,72910599.56250,7424533814378986634,5196
9/1/2015,363.4134,19349,72930942.53125,7843769855894396934,5153
9/2/2015,355.9032,19500,72949329.87500,8153735331051015790,5195
9/3/2015,339.3088,19646,72966710.81250,6970025674099678731,4777
9/4/2015,350.0661,19791,72989792.68750,9733856361469302860,5642
9/5/2015,374.9170,19955,73015421.75000,9141228323603367680,5519
9/6/2015,388.4451,20081,73041590.03125,8055487734515995632,5521
9/7/2015,379.8349,20308,73067050.50000,9256422395866533683,5702
9/8/2015,370.7395,20433,73092943.00000,10379926302044415805,5622
9/9/2015,386.1935,20609,73119370.65625,9840601069163061227,5604
9/10/2015,392.0801,20711,73145814.87500,7925807170796993218,5341
9/11/2015,421.6556,20897,73173054.71875,8876728152679961379,6460
9/12/2015,424.2721,21043,73199455.81250,11354833193505237873,5596
9/13/2015,432.7014,21252,73225627.21875,9578725673919106360,6057
9/14/2015,399.6471,21409,73251215.34375,9901548419395161346,5572
9/15/2015,387.7858,21581,73276830.65625,8426997145283307063,5409
9/16/2015,383.9057,21719,73303148.78125,15146617077844793236,5872
9/17/2015,362.1457,21826,73328584.40625,8556523791455505710,5368
9/18/2015,346.2296,21999,73354486.12500,11834821066198469252,5802
9/19/2015,357.5566,22106,73381665.81250,7982204372925467553,5205
9/20/2015,408.7480,22230,73409648.46875,10969645471755072320,6402
9/21/2015,409.9779,22363,73436300.34375,10180741940942933773,6305
9/22/2015,410.0917,22496,73462670.65625,11404145175916603648,6804
9/23/2015,438.8619,22648,73489750.96875,10700267104792060772,7404
9/24/2015,436.2345,22783,73516136.75000,10319506266501325064,6224
9/25/2015,443.4970,22902,73543140.18750,9836594916126598067,5851
9/26/2015,440.6371,22964,73569050.50000,9289146478621032364,5907
9/27/2015,426.4440,23045,73594061.59375,8423870450444848099,5760
9/28/2015,391.4721,23160,73618775.81250,9272346609307110334,6123
9/29/2015,347.3122,23283,73643144.25000,8877328420749419272,5738
9/30/2015,332.8925,23385,73668238.00000,8385327115721004019,5870
10/1/2015,365.2783,23482,73695660.03125,8767949463445914933,6421
10/2/2015,378.4969,23563,73722573.15625,9765296662850670640,6063
10/3/2015,390.9186,23689,73749026.90625,9791648364458627976,6112
10/4/2015,371.1233,23777,73774507.06250,9431925785897953000,6624
10/5/2015,385.5859,23909,73800643.93750,11486773507230090791,6279
10/6/2015,368.4521,24005,73825680.50000,9995299953552863558,6458
10/7/2015,366.9765,24102,73851814.09375,12182989920710770554,7121
10/8/2015,375.1336,24168,73878596.28125,11972933368342351096,6926
10/9/2015,364.9485,24243,73904043.93750,11309218384317883884,6763
10/10/2015,360.6383,24303,73929543.62500,11382811617053815692,6529
10/11/2015,381.8711,24359,73956054.40625,8998794599150719656,6023
10/12/2015,386.3386,24473,73982854.40625,10703807320817251298,6593
10/13/2015,397.9554,24675,74009522.68750,12323248799642253340,6818
10/14/2015,394.1999,24906,74035398.31250,11831998521079002721,6830
10/15/2015,372.9212,25142,74061008.78125,18870343861669733508,6499
10/16/2015,347.0096,25248,74086450.18750,21179446545648124480,6795
10/17/2015,373.0388,25356,74112900.81250,12291462445798012724,6567
10/18/2015,362.4454,25489,74138749.09375,13113012602069783055,6481
10/19/2015,360.9165,25729,74164715.81250,11699219139603278508,6604
10/20/2015,359.4184,25828,74190908.31250,11527019798769716636,5897
10/22/2015,341.1490,25982,74216239.09375,13200504837911974188,5979
10/21/2015,358.9999,26244,74242285.50000,10155857734674392412,6182
10/23/2015,380.6258,26449,74269844.09375,13747941391847577549,6888
10/24/2015,400.8051,26892,74296959.09375,10696638217152165404,6361
10/25/2015,415.4128,27220,74323773.31250,9079512126157535658,5830
10/26/2015,399.2760,27534,74349688.62500,10773267121614423564,5938
10/27/2015,423.6995,27744,74377214.87500,18902897578375482359,6784
10/28/2015,425.0888,27918,74403563.31250,10898696630107062428,7346
10/29/2015,457.1980,28188,74431070.34375,12550751739957046206,7836
10/30/2015,485.0091,28770,74458794.25000,13466321660416294744,7941
10/31/2015,512.5808,29166,74486542.06250,15482425600544887284,7557
11/1/2015,520.7818,29676,74514722.21875,16170261068417536249,6915
11/2/2015,494.4047,29973,74541856.43750,10396013972700378420,6558
11/3/2015,480.1956,30326,74569462.21875,12240350989948539726,7399
11/4/2015,508.4657,30608,74597178.62500,9392856950587456979,7037
11/5/2015,489.3514,30815,74624470.03125,10593890524409684909,7498
11/6/2015,491.3861,30968,74651892.21875,15936270156556764007,7882
11/7/2015,478.1613,31514,74678607.53125,32079919793349356329,10996
11/8/2015,498.8730,32153,74705896.59375,29526878882442981964,12413
11/9/2015,496.5674,32455,74732956.12500,11263102919443230382,7689
11/10/2015,505.3881,32634,74760400.18750,15351192628299204876,8151
11/11/2015,508.8850,32804,74788226.75000,23076791328155836314,10217
11/12/2015,517.4888,32918,74816251.28125,25889101201769871285,9534
11/13/2015,528.3143,33055,74844436.43750,14583302464865801953,7891
11/14/2015,534.8715,33157,74872794.09375,18534033511704232124,7211
11/15/2015,550.2513,33264,74900914.25000,11483974092635215057,7170
11/16/2015,541.2585,33376,74928309.40625,10269635973055744198,7442
11/17/2015,535.8010,33512,74956103.00000,9596829650575912999,7145
11/18/2015,550.5812,33629,74983355.03125,10321475397415639389,7373
11/19/2015,552.7532,33765,75009918.46875,15863939513515044891,8876
11/20/2015,472.9611,33883,75035048.93750,11986899241936797512,6348
11/21/2015,480.0484,33999,75061831.12500,11244910062602561332,6822
11/22/2015,480.2510,34447,75088819.71875,11241715326286604797,7083
11/23/2015,487.9382,34594,75116092.06250,13316084717852136228,8260
11/24/2015,486.5758,34812,75142940.18750,12966491027158747161,7152
11/25/2015,470.1510,34913,75169412.06250,12459630991672277588,7098
11/26/2015,470.8570,35071,75195950.50000,9307010479992449281,7278
11/27/2015,492.9653,35136,75223837.37500,9399192619419860582,6639
11/28/2015,498.5437,35204,75251045.34375,14567130571469754409,6817
11/29/2015,500.4669,35288,75278393.15625,9090792117113711272,6853
11/30/2015,503.9533,35402,75305749.40625,20815751537737421266,8986
12/1/2015,514.3284,35508,75333292.21875,13074388944575777609,6794
12/3/2015,504.3068,35610,75361355.50000,10666077605006573721,6971
12/2/2015,481.8385,35709,75387362.53125,11438122532174238399,6502
12/4/2015,493.1904,35879,75414041.90625,12372342317467218045,6898
12/5/2015,511.9346,36022,75440623.78125,13084824514839102759,6784
12/6/2015,487.6672,36291,75466879.56250,17147404223188337107,9103
12/7/2015,483.6810,36437,75493598.46875,9642772252255179440,7141
12/8/2015,469.5651,36557,75519910.96875,9146200894289794928,6697
12/9/2015,494.2650,36673,75548235.03125,10136989432654592764,7001
12/10/2015,504.7793,36820,75575712.37500,11340935043430610418,7444
12/11/2015,514.5903,36951,75602735.18750,16852443787757887529,8105
12/12/2015,517.9029,37373,75629941.75000,23123143175929711610,8205
12/13/2015,556.8745,37569,75657849.09375,18732109712665255814,7426
12/14/2015,541.3528,37729,75684557.68750,74652439561455021898,15550
12/15/2015,559.7040,37850,75711572.21875,114407858336816933404,21098
12/16/2015,534.0622,37990,75738029.56250,44216781874774645730,10304
12/17/2015,553.9679,38358,75764912.68750,32401075213208356891,9612
12/18/2015,552.1806,38634,75791584.25000,32181421454696323527,9032
12/19/2015,548.8488,38756,75818278.78125,28516230925703049905,9314
12/20/2015,533.1539,38902,75844714.87500,34427170021645833151,9879
12/21/2015,531.4617,39082,75871172.68750,39119193998361059476,12063
12/22/2015,564.9776,39208,75898547.06250,59162525716954596713,21027
12/23/2015,552.9946,39317,75925946.43750,81425990746295054821,22740
12/24/2015,539.4988,39422,75952633.00000,45754637863071995296,13494
12/25/2015,539.1713,39537,75979436.59375,26594059296531217594,9521
12/26/2015,529.3583,39678,76005996.75000,31296185188395460133,10726
12/27/2015,545.3460,39822,76032850.50000,86634345029167915594,21867
12/28/2015,545.0927,40010,76059908.46875,36400490688487782520,12368
12/29/2015,542.2221,40182,76086569.56250,33189211049882554675,11358
12/30/2015,534.5552,40333,76113305.81250,76132284001654180432,21767
12/31/2015,542.7166,40566,76140217.84375,25067324647301430536,10301
1/1/2016,526.2007,40701,76166284.40625,15650894936718752380,8233
1/2/2016,528.0765,40850,76193668.31250,19359790811857714750,9164
1/3/2016,544.8281,41000,76221344.09375,19448316682466488056,9258
1/4/2016,541.3346,41198,76248764.71875,21310431896313736148,9474
1/5/2016,548.8214,41381,76276603.93750,60356444504277487333,16430
1/6/2016,552.2518,41647,76304229.40625,66533918450161227489,17074
1/7/2016,526.3401,41869,76331251.59375,65506547602439590264,22075
1/8/2016,550.7067,42078,76359248.31250,26049507544506407175,10919
1/9/2016,551.6457,42411,76386844.09375,39300517520859971054,11793
1/10/2016,538.0286,42678,76414132.06250,26326052773322897092,10320
1/11/2016,561.5707,43005,76441137.21875,25513565112846124771,10893
1/12/2016,541.1136,43351,76467038.00000,25630722267460299100,10862
1/13/2016,530.6222,43579,76493573.31250,60312609443641457512,17665
1/14/2016,553.7419,43804,76520492.53125,26776176405036451541,10653
1/15/2016,567.1537,44209,76547289.87500,23160124217773726978,9875
1/16/2016,574.0822,44494,76573813.00000,22650257057284401829,10664
1/17/2016,568.3259,44771,76600412.84375,17039702197228480516,9747
1/18/2016,591.4190,45167,76627033.00000,30918809979884179006,12916
1/19/2016,584.9040,45486,76653125.81250,35576958227966313784,13420
1/20/2016,588.1518,45937,76679668.31250,19013491869610907123,10610
1/21/2016,584.1308,46362,76705587.53125,20295975834499795383,10734
1/22/2016,610.6596,46783,76731842.53125,31181325074578597403,13848
1/23/2016,608.8656,47374,76757612.21875,17432803410571133806,11025
1/24/2016,650.5701,48105,76784855.18750,23730882576743100681,12798
1/25/2016,624.8285,48925,76810552.21875,40191242860806737766,17121
1/26/2016,672.8732,49844,76837541.43750,37898057547576072726,16511
1/27/2016,663.7333,50637,76863642.21875,56860146719716907969,18747
1/28/2016,652.1991,51643,76890206.90625,41356011041144648852,16765
1/29/2016,670.1196,52611,76916367.37500,37410343427461486224,16395
1/30/2016,668.8032,53598,76942560.50000,35429282168080463040,14661
1/31/2016,646.7083,54494,76968242.37500,33883769366783898846,14166
2/1/2016,679.1845,55186,76994673.62500,32539227416216587495,14199
2/2/2016,648.4793,55768,77020542.06250,29462927838445742070,14291
2/3/2016,696.9209,56445,77047840.03125,27729175477288151003,14274
2/4/2016,694.2255,57050,77074402.37500,32717501856642223868,14371
2/5/2016,698.6372,57863,77100960.96875,38974371493185273232,15249
2/6/2016,674.6478,58402,77127306.75000,240782836139497540152,31418
2/7/2016,693.3343,58925,77153991.43750,53120733907433247770,14264
2/8/2016,723.2448,59593,77180646.43750,37812427358868402303,14719
2/9/2016,699.4473,60346,77207117.53125,50166925483712683867,15517
2/10/2016,718.0474,61635,77233278.78125,58884244371348296342,17141
2/11/2016,747.5285,63947,77259756.59375,46523547266425745299,21440
2/13/2016,766.0290,65365,77286638.15625,36118585709597310658,19327
2/12/2016,720.7269,66901,77313140.18750,33065545419009687145,18109
2/14/2016,775.2691,68010,77339469.25000,27773044299706597294,16624
2/15/2016,794.6889,68996,77365694.56250,30725342958734838838,17159
2/16/2016,789.6940,69956,77392140.34375,33294520810596814615,17549
2/17/2016,770.0884,70919,77417812.37500,41019393677163280957,19990
2/18/2016,750.9481,71720,77444027.21875,29269923354896102421,16969
2/19/2016,794.8141,73097,77470682.68750,37036003294327345719,18412
2/20/2016,800.2920,73761,77497243.46875,26791644896446060433,16714
2/21/2016,808.8832,75500,77523780.03125,28140680307967496994,17119
2/22/2016,844.5991,76417,77550537.84375,32549111059549815952,18190
2/23/2016,849.5091,77363,77576707.84375,94164366247646313588,18482
2/24/2016,846.5788,78179,77603134.71875,52032071341041992175,19540
2/25/2016,855.9038,79187,77629958.46875,31612843090259588075,19503
2/26/2016,881.5024,80568,77656612.53125,50861640425641361867,21068
2/27/2016,896.6538,81372,77682812.37500,28374744694627182226,18981
2/28/2016,915.9603,82742,77709234.40625,29358720800308190806,19063
2/29/2016,885.9939,84582,77734463.93750,32944190213807785570,20358
3/1/2016,900.4969,86447,77760945.03125,33950840330552244042,21778
3/2/2016,939.1247,88628,77787589.25000,39078762637878354220,23562
3/3/2016,957.2282,90921,77813700.50000,35332731090065564580,24837
3/4/2016,982.6566,93327,77839585.81250,33963179590731944454,24287
3/5/2016,1030.3311,96435,77866168.00000,33898152810303794050,27115
3/6/2016,1036.7243,99307,77891567.68750,37692122626381833535,27661
3/7/2016,1047.5369,101184,77917553.15625,30377257627256356269,23271
3/8/2016,1060.2446,103555,77943376.28125,33347463941224012892,24104
3/9/2016,1080.6917,105944,77969119.56250,26064171432983223515,24557
3/10/2016,1124.5588,108347,77995747.06250,20346662047372321337,24814
3/11/2016,1152.2742,109835,78022049.56250,19247904795592964849,23124
3/12/2016,1215.6928,111755,78048419.71875,24293925277265427607,27887
3/13/2016,1291.2983,113690,78075670.18750,25641714776873214637,28127
3/14/2016,1246.4302,115840,78102078.15625,27788708533134811722,28528
3/15/2016,1295.5505,117680,78133301.75000,24012965397747022790,29273
3/16/2016,1322.2236,119290,78164791.90625,23872785945399801169,27596
3/17/2016,1369.4014,120974,78196816.43750,31668098021290349295,33531
3/18/2016,1354.7364,122851,78228103.62500,27432688683182590705,31821
3/19/2016,1419.6017,124108,78260182.06250,44285379641552049135,34779
3/20/2016,1450.4615,125636,78291777.21875,35728853851607730408,32447
3/21/2016,1430.1956,127167,78323160.18750,32462389073761272323,32511
3/22/2016,1466.4437,128345,78354872.06250,26139489102832785219,32890
3/23/2016,1389.2046,129689,78386166.12500,32658298331512616844,31786
3/24/2016,1505.2497,130970,78418237.21875,41409782633873791935,36947
3/25/2016,1574.3074,132066,78450127.06250,40354891825072786153,36762
3/26/2016,1620.1920,133107,78482062.37500,35056420511198042968,36646
3/27/2016,1641.9153,134131,78513693.15625,19209907756839878570,29974
3/28/2016,1608.6662,135514,78544999.71875,26382126085586843793,33613
3/29/2016,1670.8109,137297,78576437.53125,23912789886571370634,33915
3/30/2016,1712.2136,139755,78608138.00000,37377481423068797583,36767
3/31/2016,1769.0299,141814,78639526.90625,25021663298129122120,32259
4/1/2016,1789.7099,142900,78671411.59375,24237409893808492373,33320
4/2/2016,1726.9503,144015,78702492.84375,18065663950977857507,29358
4/3/2016,1825.8351,144966,78734222.53125,17936872868590196702,29588
4/4/2016,1909.2179,146172,78766175.65625,24869415920255448877,34907
4/5/2016,1918.4151,147380,78797750.50000,28606927282586795197,39173
4/6/2016,1894.4371,148499,78829013.15625,21679132762523199979,32078
4/7/2016,1812.6601,149643,78860180.50000,21412719486920403062,31893
4/8/2016,1973.1984,150453,78892094.87500,25167538266033358131,34010
4/9/2016,1959.8205,151383,78923008.46875,19998059997122386662,31923
4/10/2016,2036.3026,152608,78954790.18750,19447012947676659869,32237
4/11/2016,1971.8315,153660,78985756.75000,18656502908593236474,30327
4/12/2016,1930.8805,154885,79017139.56250,22906012147998767103,34673
4/13/2016,2027.4732,156088,79048625.65625,32967124210045439134,36051
4/14/2016,2040.3898,157073,79080026.75000,31728571600625501681,34781
4/15/2016,2122.0072,157904,79111760.18750,23378874230626669665,34959
4/16/2016,2151.0281,158682,79143291.43750,17224482778204991954,30483
4/17/2016,2099.2955,159556,79174794.56250,30208193703863485125,40203
4/18/2016,2225.2231,160474,79206654.09375,20099187823672429541,33513
4/19/2016,2224.0597,161308,79237980.65625,19104945850009693497,32622
4/20/2016,2269.7286,162317,79269812.06250,23848410608173012871,32944
4/21/2016,2289.2977,164290,79301185.96875,30380826050479267531,37181
4/22/2016,2218.8202,165351,79332762.68750,20576079560249551825,31678
4/23/2016,2314.4714,166350,79364456.28125,19513944752159940934,31845
4/24/2016,2281.4876,167428,79395951.28125,22486014517823509550,34046
4/25/2016,2398.2374,168546,79428088.31250,23862166178647239199,35430
4/26/2016,2327.7401,169724,79459376.12500,21659383479930707846,32582
4/27/2016,2343.4699,170969,79491251.12500,20450152724988817503,33847
4/28/2016,2398.0940,172060,79522933.62500,22638623847726053889,34343
4/29/2016,2445.4120,173151,79554617.21875,23435252915232934293,37332
4/30/2016,2541.0507,179195,79586508.93750,32152456063466660004,45769
5/1/2016,2519.2786,181732,79617521.75000,36700669237387784791,39578
5/2/2016,2435.2643,185706,79649433.31250,27427867397761671491,41748
5/3/2016,2570.8192,187283,79681224.56250,26840990230658772630,37821
5/4/2016,2540.3269,188964,79712683.31250,27322747028915802991,37484
5/5/2016,2548.6649,190554,79744463.31250,31134811444692125769,38707
5/6/2016,2558.8020,191961,79776200.96875,35174889059576644978,41271
5/7/2016,2546.9321,193317,79807774.09375,24227823434161325933,35864
5/8/2016,2596.7218,194961,79839623.31250,28900901275870200168,40063
5/9/2016,2619.8292,196739,79871424.71875,26341933886110361922,38560
5/10/2016,2678.5523,198321,79903125.65625,27701449553180009624,40684
5/11/2016,2576.6882,200962,79934378.78125,31626825816818447548,40811
5/12/2016,2640.5013,204086,79966635.81250,39262539721951262654,45002
5/13/2016,2813.5085,206863,79998832.53125,43190009936221245086,47737
5/14/2016,2768.5727,209138,80030500.34375,35451335069212514324,45745
5/15/2016,2787.9132,211568,80062308.93750,31305207361924575518,43073
5/16/2016,2782.0494,213318,80093820.50000,27598439816888668958,37424
5/17/2016,2777.3602,215820,80126012.68750,28466737377311740959,40309
5/18/2016,2893.0189,220927,80158417.06250,35070045109628170941,46033
5/19/2016,2959.2314,224845,80190320.65625,33144675121741165112,44523
5/20/2016,3019.8040,230158,80222410.34375,38027969373234813737,45177
5/21/2016,3042.5019,234753,80254249.87500,35799931136886349169,43621
5/22/2016,3034.0969,237169,80286506.12500,28876089114767099035,38895
5/23/2016,3047.7928,239919,80318586.75000,29634409335139757355,43806
5/24/2016,3097.5979,242437,80350590.03125,28595806683225445245,42911
5/25/2016,3126.5085,245842,80382947.06250,32733418165197362462,46443
5/26/2016,3161.3230,248713,80414991.43750,35558395839949500289,51147
5/28/2016,3253.1913,261602,80447310.03125,80972786453789024796,70148
5/27/2016,3175.1154,265876,80479631.75000,37995661451688502586,49006
5/29/2016,3275.4294,269270,80511604.09375,38788722911244233225,45890
5/30/2016,3266.9893,271793,80543608.15625,31855746822442454982,42927
5/31/2016,3226.0808,274614,80575141.12500,31154237675102767413,44386
6/1/2016,3170.4475,277124,80607285.34375,31200754211332030799,42221
6/2/2016,3240.5703,279202,80639467.53125,25860107097704162395,39666
6/3/2016,3413.4593,281283,80671739.71875,25240089714403314963,39834
6/4/2016,3396.8318,283172,80703881.28125,24383532747843846176,37875
6/5/2016,3326.0748,285007,80735464.40625,23838806076398615509,37896
6/6/2016,3441.9709,287195,80767836.28125,25866186268780527752,38957
6/7/2016,3465.5588,293517,80799782.21875,67482112136768209049,46141
6/8/2016,3478.0667,295834,80832085.18750,28430812192927453340,40433
6/9/2016,3639.7054,298208,80864311.12500,28894767011937517149,39854
6/10/2016,3424.0833,300769,80895475.34375,28896511606868581926,40145
6/11/2016,3555.1800,303280,80927850.81250,27224630239587474814,36901
6/12/2016,3581.6422,306177,80960067.68750,29164100998113033739,42581
6/13/2016,3714.9746,311130,80992291.90625,36906452815465346785,46185
6/14/2016,3749.4490,315391,81024437.37500,38469211435809060658,50335
6/15/2016,3718.5221,318367,81056304.40625,30456375914577276631,43251
6/16/2016,3717.1685,323909,81088182.06250,40815292250596776680,43392
6/17/2016,3864.3682,337984,81121598.46875,229306004249127446201,66558
6/18/2016,3764.2320,352687,81155985.65625,271194911213586295596,63083
6/19/2016,3855.0105,359236,81189181.12500,54127484677533448797,51035
6/20/2016,3814.1165,364968,81220895.96875,51767217706211254887,47118
6/21/2016,3755.1058,369392,81252884.40625,82844435130139790283,47323
6/22/2016,3914.4371,375128,81285555.03125,51445064165343517221,48615
6/24/2016,3987.4979,378933,81317726.90625,39426748173337409785,45331
6/23/2016,3993.7808,382466,81349575.03125,31978269688479587669,41908
6/25/2016,3971.3075,384815,81381260.96875,28301648221378725640,36684
6/26/2016,4090.5901,387234,81413575.65625,27467985790382789811,41613
6/27/2016,4165.2564,389903,81445670.50000,27658056517978171783,39663
6/28/2016,4215.9351,393251,81477831.90625,32100177929689153995,43089
6/29/2016,4114.6487,396171,81509701.90625,56856452114446290314,49897
6/30/2016,4137.6421,398289,81541688.00000,87887411162619001904,63952
7/1/2016,4235.8486,401254,81574306.28125,45454096208644167574,40085
7/2/2016,4246.5515,403829,81606222.84375,24375605550274470943,39257
7/3/2016,4343.8485,407099,81638262.53125,30726876586413611744,39757
7/4/2016,4332.1514,409961,81670403.46875,26772880956090346975,39950
7/5/2016,4335.0033,413875,81701981.28125,30158881660062777024,39270
7/6/2016,4336.5273,416917,81734336.12500,29692077315522818820,37900
7/7/2016,4320.9295,420028,81766232.06250,26613300448323964993,40433
7/8/2016,4345.7744,423126,81798181.59375,39347483545330195078,42506
7/9/2016,4356.4367,427153,81830979.71875,49114684665136429858,40410
7/10/2016,4385.4846,430282,81862945.18750,27646053877971549530,39358
7/11/2016,4454.8880,432814,81894930.50000,28548693257569811254,38582
7/12/2016,4453.2789,436469,81926691.59375,32638639041850692874,40811
7/13/2016,4517.2296,439291,81958850.18750,24749750157973457754,35740
7/14/2016,4472.3930,442427,81990660.96875,32409641880695731411,42809
7/15/2016,4402.0765,445925,82022545.65625,29146970369041368470,41110
7/16/2016,4426.8996,448149,82054716.12500,23880860191960260850,38062
7/17/2016,4446.0043,449627,82086493.46875,19647012433455876559,33914
7/18/2016,4569.4936,452120,82118991.59375,25653265275700645835,39198
7/19/2016,4514.7929,455066,82150765.50000,29217898571946031301,44184
7/20/2016,4425.8220,459828,82182680.34375,75585687674878401770,50631
7/21/2016,4602.5527,463245,82215464.09375,34210520717130707526,44882
7/22/2016,4434.4853,467682,82247154.71875,37417847605889702822,48458
7/23/2016,4619.5511,471467,82279549.71875,33056305196837497063,45006
7/24/2016,4498.6015,475286,82311025.96875,37346353490042772973,58215
7/25/2016,4353.0916,479819,82343017.53125,39430337707067546294,54856
7/26/2016,4147.0192,485119,82373795.03125,45488885084867599598,61930
7/27/2016,3975.9477,490249,82406732.84375,38240125606431086309,53035
7/28/2016,4230.6929,493294,82439087.06250,63951262384608731431,48555
7/29/2016,4137.8516,496589,82471026.43750,45682048274658652403,47243
7/30/2016,4057.8986,498814,82502668.15625,29990469208664903505,42011
7/31/2016,4120.2423,501305,82534887.68750,30371510899954035714,48749
8/1/2016,4033.4068,503754,82566482.06250,30441802272129106447,45978
8/2/2016,3736.2769,507459,82597837.21875,33964003806568787283,49041
8/3/2016,3614.2588,510443,82629544.87500,33026036095433308317,49475
8/4/2016,3936.9981,513258,82662397.68750,32411900469726911819,46761
8/5/2016,4031.1962,515463,82694629.71875,29404612597034459174,43212
8/6/2016,3924.4177,517347,82726219.56250,26054509040847270792,41487
8/7/2016,4058.0205,519108,82758510.65625,27696032432606981451,42955
8/8/2016,4136.7742,521038,82790686.59375,53896575426021106667,42984
8/10/2016,4442.4061,523626,82822849.56250,33422242281535432520,46290
8/9/2016,4353.1675,526538,82855515.96875,31476820396721226395,47057
8/11/2016,4538.8823,529018,82887720.81250,32086721642682205179,48171
8/12/2016,4529.4509,531192,82919824.09375,30199866770868407584,44400
8/13/2016,4479.0387,532827,82951823.00000,25077813847103889024,41088
8/14/2016,4488.9892,534412,82983791.90625,24198118880821938736,40577
8/15/2016,4512.4457,536080,83016120.81250,27155155556446947416,42302
8/16/2016,4623.2492,537798,83048158.00000,31164284928675119435,48949
8/17/2016,4616.8304,539428,83080152.53125,28701739012835344623,44867
8/18/2016,4717.6488,541085,83112941.59375,36061490801676948657,47799
8/19/2016,4666.3602,542717,83144783.00000,29832358749630857041,42948
8/20/2016,4807.7401,544620,83177018.62500,26607695325666671940,41318
8/21/2016,4860.5322,546514,83209710.96875,29017442472433238394,42543
8/22/2016,4890.1286,548109,83242003.78125,29909456093232765075,44250
8/23/2016,4980.5674,550573,83274187.68750,72118570861643088694,48430
8/24/2016,4968.8061,552384,83306461.12500,30003258780428722599,46821
8/25/2016,5076.8460,554545,83338596.75000,32482903928131161029,49868
8/26/2016,5242.0628,556489,83370468.15625,31575935947838293296,47292
8/27/2016,5241.1926,557883,83402774.56250,28579939237612103103,47938
8/28/2016,5174.1701,559482,83434802.53125,25727256715378786888,42607
8/29/2016,5110.3024,561294,83466728.93750,29406896677409737984,45510
8/30/2016,5104.6336,563151,83498603.78125,32246376594363230143,46979
8/31/2016,5212.9746,565136,83530738.31250,29997664256262162265,45846
9/1/2016,5264.4573,567294,83562483.00000,31743655942212787466,47491
9/2/2016,5339.3071,569263,83594867.06250,45229877971231147985,55413
9/3/2016,5064.5140,571037,83626363.00000,27180749805405891762,44792
9/4/2016,4925.8701,572702,83658227.06250,49336067762022995563,48128
9/5/2016,5116.8905,574371,83690416.75000,28628867463828499834,42667
9/6/2016,5066.0973,576228,83722098.15625,33380266725753517830,49102
9/7/2016,5193.0105,577984,83754365.96875,34199424352039586673,48701
9/8/2016,5135.7331,579977,83786274.56250,41206539778718589470,55970
9/9/2016,5165.9252,582016,83818491.43750,41896879007367117800,53918
9/10/2016,5212.7523,583909,83850322.06250,27407063341467179868,42875
9/11/2016,5414.1144,585641,83882675.03125,28548045711239096429,43345
9/12/2016,5397.9619,588032,83914912.06250,35029999011945536360,45123
9/13/2016,5369.0839,589982,83946816.90625,30392171843924340108,42591
9/14/2016,5550.9528,591822,83979345.65625,36299358965057371729,53859
9/15/2016,5538.7187,593560,84011528.46875,36226955150982022702,52622
9/16/2016,5504.7355,595415,84043767.53125,46932013647152291139,57532
9/17/2016,5705.4374,597259,84075922.53125,35281318150284198201,46882
9/18/2016,5038.1328,598924,84105496.43750,29645262398345081186,37893
9/19/2016,5155.0804,599907,84139773.31250,27617377710510909061,40505
9/20/2016,5747.8625,602298,84172265.81250,32825567598931267501,54067
9/21/2016,5918.6443,605237,84204349.56250,30172186063844163509,44549
9/22/2016,5443.3590,606968,84235955.18750,63146131938337513001,52657
9/23/2016,5966.6603,608507,84270235.18750,49030931372571524370,35219
9/24/2016,5995.2836,610118,84303560.03125,71029474725981245269,43418
9/25/2016,6227.8531,612211,84337950.50000,67140201093604435874,38713
9/26/2016,5867.8083,613935,84370081.28125,115639205560856530734,43514
9/27/2016,6199.3892,615620,84405365.65625,98540752097509906085,46817
9/29/2016,6382.9672,618271,84437679.09375,41279258006037078590,40416
9/28/2016,6242.7931,620099,84470082.53125,68132691127373095818,42797
9/30/2016,6211.6467,622544,84501705.81250,40259026793623915521,35836
10/1/2016,6435.5312,624508,84536184.40625,91389499897984898825,53076
10/2/2016,6609.1126,627061,84571945.18750,87475216665960308812,51105
10/3/2016,6480.4953,629658,84605219.71875,65927532636905010582,47672
10/4/2016,6618.6976,653826,84637271.12500,85367792949644448074,56662
10/5/2016,6594.0094,656302,84670352.68750,64165744488147136203,41719
10/6/2016,6644.5921,659011,84703194.56250,50258108900544569513,36826
10/7/2016,6417.1224,661379,84739746.43750,53569770251353219787,43708
10/8/2016,6698.4587,664537,84775841.12500,56380561903481824862,37690
10/9/2016,6812.7671,667329,84809266.75000,60023570060568614264,43940
10/10/2016,6857.1214,686320,84842397.68750,54636689680294807760,44940
10/11/2016,6937.1736,692167,84874877.21875,39198654612373600556,41053
10/12/2016,6700.3711,700440,84907969.87500,44186463139076410933,30002
10/13/2016,6965.8669,716073,84942796.12500,112658501136159021865,32244
10/14/2016,7226.2037,728429,84975709.87500,75246620265021985030,42006
10/15/2016,7301.6059,731881,85007917.06250,69082723000072803643,33662
10/16/2016,7491.1701,736985,85040847.37500,66997100411559823459,34990
10/17/2016,7121.9336,741716,85073225.18750,71539503368285341607,38136
10/18/2016,7396.8799,746368,85106545.50000,96863274723574532209,51898
10/19/2016,7431.3973,747915,85139695.18750,92764121622822552786,38497
10/20/2016,7670.9150,749504,85174224.25000,54944965621889102239,43438
10/21/2016,7757.4499,751013,85206351.12500,41964566912987050529,57780
10/22/2016,7767.7022,752751,85238053.78125,27659672600377352118,37772
10/23/2016,7558.2757,754105,85269385.65625,26363036841796786687,35364
10/24/2016,7712.7627,755748,85301447.53125,48590630046022500452,52547
10/25/2016,7817.4541,758849,85333112.06250,43196156298486067810,47610
10/26/2016,7897.5795,760844,85365068.93750,35289184982693484187,45158
10/27/2016,7754.9282,762714,85396513.93750,33344290945122729147,44353
10/28/2016,7447.6341,765038,85427593.00000,35892081342196328565,41522
10/29/2016,5933.8419,766865,85457222.53125,31122481768926020316,40011
10/30/2016,5768.4023,768687,85489183.00000,30591477670535070877,39435
10/31/2016,6170.1936,770540,85521204.25000,33414825530357852866,45031
11/1/2016,5264.4502,772838,85551702.68750,41192685889813888271,49025
11/2/2016,4743.8178,777832,85582844.71875,29197535737174571549,43519
11/3/2016,4528.1677,779820,85614060.65625,29703140267934439857,42346
11/4/2016,4164.5726,781449,85644984.25000,21701363740615475318,32572
11/5/2016,3926.9146,782988,85676408.78125,24598063675717145303,37690
11/6/2016,3870.5255,784678,85708208.93750,23282718881160964652,34391
11/7/2016,4601.8022,786489,85741468.00000,29029823132227692855,41941
11/8/2016,5126.5784,788550,85773795.18750,31468343128774329074,41569
11/9/2016,5000.3960,791024,85804797.53125,34985425585907514812,40517
11/10/2016,4596.5170,793001,85836008.31250,35377435568150123235,40164
11/11/2016,4470.7243,795241,85867347.68750,44235781586002046695,41070
11/12/2016,4555.8730,797064,85899297.68750,30717758394736034091,40882
11/13/2016,4937.1280,799460,85931721.90625,33926470962063717910,43673
11/15/2016,5155.4629,801577,85963158.93750,37027398102218795216,45330
11/14/2016,5122.3997,803432,85995043.15625,38314562568488063803,43876
11/16/2016,5050.1138,805304,86026624.56250,34924240184009535107,41684
11/17/2016,4838.0854,807112,86057433.15625,30428800013697696775,40738
11/18/2016,5193.5489,809162,86090533.93750,34701169488084363494,43785
11/19/2016,5480.2832,810733,86122865.03125,27900216826074273207,39289
11/20/2016,5987.5706,812403,86155325.18750,32596468833022052914,42125
11/21/2016,6324.9229,814569,86187136.75000,35251511680659518560,42735
11/22/2016,5955.0846,816176,86218314.25000,38094845805446734644,53585
11/23/2016,5908.0341,817840,86250939.87500,82229077971292274143,64289
11/24/2016,5287.2911,819485,86283337.53125,58893292411189924047,36861
11/25/2016,5301.8374,840006,86316772.37500,59809748043842700329,58075
11/26/2016,5364.8074,843172,86349268.31250,72598881230528793896,40804
11/27/2016,5348.1061,845997,86382979.40625,114916050187407607170,44449
11/28/2016,5544.2870,847709,86416919.25000,122219275573189667981,48388
11/29/2016,5456.1270,849474,86449890.34375,101589444818714041758,47036
11/30/2016,5209.9548,851332,86481730.34375,35319840146868767397,39178
12/1/2016,5268.3704,852988,86513478.62500,27223136520090244551,37121
12/2/2016,5341.6121,856233,86545275.03125,28081757219806350656,41642
12/3/2016,5614.5189,862630,86577391.43750,25910085196639703203,41357
12/4/2016,5551.9253,868190,86608563.93750,26259067852262250200,39643
12/5/2016,5409.3217,874903,86639798.62500,31260227778687816479,41613
12/6/2016,5367.7479,877485,86671774.25000,34724190362202270091,48200
12/7/2016,5496.8057,879373,86703484.87500,34986830893400990279,41757
12/8/2016,5783.3873,881066,86735578.93750,792488980472847617318,39587
12/9/2016,5914.8346,882875,86767239.56250,31427944831704979055,41444
12/10/2016,6040.1544,886258,86798915.96875,29027316459710687448,40564
12/11/2016,6204.0200,888937,86830698.00000,36802824752362151712,39164
12/12/2016,5975.0517,890669,86862037.37500,31236666299979217642,38741
12/13/2016,6168.7280,892266,86893847.37500,30964451383760047750,44664
12/14/2016,6132.4685,895504,86925697.84375,34886653378922419663,47294
12/15/2016,6097.3583,899270,86957065.65625,34427867607164909959,46102
12/16/2016,6290.8766,901155,86988822.06250,30594388154557096390,43953
12/17/2016,6370.3847,904251,87020784.40625,32801700786191403698,39442
12/18/2016,6594.1816,906316,87052676.90625,27723246559895049134,36640
12/19/2016,6588.4056,908427,87084147.37500,36451357768973606076,45599
12/20/2016,6748.3212,910765,87115816.28125,43901597465334609193,44241
12/21/2016,6696.8063,912667,87147409.25000,54747365402673830874,50793
12/22/2016,6475.3330,921440,87178483.31250,38844405597480919257,55173
12/23/2016,6022.6423,925590,87209600.65625,29673669189633578030,44391
12/24/2016,5671.6635,927358,87240927.53125,25817525349092126220,37757
12/25/2016,5939.9539,928670,87272935.96875,24217901540017729787,36601
12/26/2016,6147.6001,930087,87304580.65625,23120413010232811283,34565
12/27/2016,5943.6228,931796,87335807.21875,36398134576455099831,42370
12/28/2016,5906.9011,933815,87367378.62500,31575304426588826066,43386
12/29/2016,5885.5378,936427,87399197.37500,40700293206458891043,46546
12/30/2016,5892.7281,938850,87430878.93750,44810910765726428450,44561
12/31/2016,5957.5536,941811,87462107.06250,28598800805711720561,41220
1/1/2017,5962.5576,943417,87493855.34375,25262224854177027598,38730
1/2/2017,5979.9360,945665,87525386.12500,28118341055529409329,39652
1/3/2017,5984.9265,948326,87556909.40625,40245343098687603577,45883
1/4/2017,6603.4409,951853,87589008.93750,39504583436605983867,50673
1/5/2017,6748.8433,955172,87620825.96875,34857577903488731517,49596
1/6/2017,6783.5835,958484,87652185.50000,31319076402295599237,43804
1/7/2017,7025.7055,961114,87684080.50000,30184494073781288105,43622
1/8/2017,7052.8143,963314,87715764.87500,33024227832090476133,42727
1/9/2017,7281.1030,965736,87747515.18750,35919169690070732630,46188
1/10/2017,7283.0151,968054,87778864.56250,38709404013881217984,48179
1/11/2017,7356.4905,970329,87810387.53125,34634134307247943159,45221
1/12/2017,7432.2530,973959,87841944.25000,37083060660754731459,50589
1/13/2017,7568.8324,977582,87873674.56250,35782731983713529211,50833
1/14/2017,7587.9426,981025,87905152.68750,28739323359416135537,42044
1/15/2017,7741.9086,983455,87936854.71875,29981494275967727621,41748
1/16/2017,7735.3142,985864,87968395.03125,32523713407245292661,45375
1/17/2017,7657.6882,988571,87999691.12500,39422370215030625331,46671
1/18/2017,7592.5237,991171,88031299.09375,33984213641577643843,44994
1/19/2017,8114.4421,993689,88063420.18750,31295282022109784175,43628
1/20/2017,7838.6452,996812,88094541.28125,33647780082062600001,45775
1/21/2017,8044.0736,999192,88126065.03125,30663926862289090681,43302
1/22/2017,8083.9775,1001830,88157642.84375,35768655611072718609,47432
1/23/2017,8232.8818,1004532,88189141.28125,35018861180104653007,46076
1/24/2017,8124.3364,1006944,88220561.75000,41164260408630843732,50414
1/25/2017,8145.8979,1009369,88251985.34375,37756706335768864167,46256
1/26/2017,8367.5758,1012519,88283770.03125,36459947636460863024,46856
1/27/2017,8244.2883,1014907,88314884.87500,35349428697352599603,46680
1/28/2017,8279.3794,1017588,88346412.84375,33345009009816923628,45189
1/29/2017,8111.2062,1019716,88377545.96875,30618545932158397468,42509
1/30/2017,8348.0885,1022347,88409461.28125,32792538455809677597,45369
1/31/2017,8339.1200,1024108,88440875.18750,32009038231765586338,43649
2/1/2017,8226.0029,1026094,88472207.37500,38115541106272603500,44541
2/2/2017,8407.2648,1028070,88503622.21875,35459397355305276751,43709
2/3/2017,8271.9789,1029880,88534895.50000,34059355115180443983,42778
2/4/2017,8427.7058,1032097,88566656.28125,32971661726655976851,45410
2/5/2017,8773.2937,1033882,88598257.84375,34840821328830373260,46542
2/6/2017,8877.6557,1035599,88629881.43750,35865613624237052074,47306
2/7/2017,8865.7805,1037811,88661372.84375,46068715002669749283,51866
2/8/2017,8981.8497,1040358,88693080.81250,43713741651080893871,51089
2/9/2017,8947.4759,1042268,88724508.00000,40681621672173072888,47873
2/10/2017,9217.8017,1044332,88756004.40625,46219403549474186041,52222
2/11/2017,9275.2906,1046267,88787594.25000,38495933170703538976,46560
2/12/2017,9392.2664,1048901,88819163.93750,40336776565119468871,45319
2/13/2017,9522.8756,1051104,88850898.00000,61463154387193417895,55990
2/14/2017,9629.3742,1053923,88882368.93750,49832184354236298948,58298
2/15/2017,9674.3440,1056702,88914090.34375,90527761018230749079,55320
2/16/2017,9633.6869,1058825,88945630.18750,39211240292990605995,49674
2/17/2017,9813.8180,1060926,88976958.00000,38846674057194586175,49406
2/18/2017,9910.4307,1063883,89008169.71875,44652698925798150014,49398
2/19/2017,10076.9868,1065920,89039436.90625,36312674289665711573,48227
2/20/2017,10118.1204,1068400,89070824.71875,41034467994638957453,50152
2/21/2017,10342.9777,1071424,89102241.59375,54865479665312910682,58434
2/22/2017,10225.6880,1073757,89133228.93750,50954347613888516246,50372
2/23/2017,10249.8892,1076071,89164458.46875,43352493041966410892,47601
2/24/2017,10300.8070,1078758,89195722.06250,41339238137770578395,54081
2/25/2017,10613.2667,1081093,89227275.96875,44662422324251088181,53245
2/26/2017,11038.1733,1083604,89259096.12500,39379004377985995785,51716
2/27/2017,11078.6475,1086792,89290342.53125,45027386000703138046,52642
2/28/2017,11579.1160,1091303,89322198.62500,50962691423419127550,60277
3/1/2017,11193.1403,1098329,89353343.46875,54942971648871974051,59774
3/2/2017,11369.6535,1104821,89384974.40625,54862694242966990698,70779
3/3/2017,11791.9899,1111646,89416273.31250,46403122802155148932,64294
3/4/2017,11641.3951,1115958,89447445.96875,42519420519271363084,58756
3/5/2017,12169.6377,1120047,89479007.84375,43438703490226225108,57031
3/6/2017,12202.0077,1124705,89510160.96875,41351692018480516903,57020
3/7/2017,12126.1529,1128534,89541229.71875,43802708615888367828,62589
3/8/2017,12566.0974,1132810,89572555.65625,40317484090895007739,55386
3/9/2017,12593.1903,1139420,89603365.18750,49768597101768192862,64266
3/10/2017,12622.6645,1145555,89634392.21875,55572756428245646413,65132
3/11/2017,12870.7578,1151496,89665627.68750,47961429061199038755,64803
3/12/2017,12911.1921,1158864,89696477.21875,48529026723026003793,66646
3/13/2017,13434.1504,1170758,89728090.96875,76362749610958856557,81718
3/14/2017,13255.2329,1180408,89759305.81250,74822605774397316786,77155
3/15/2017,13628.7396,1190919,89790683.46875,64307989531205615973,81205
3/16/2017,13794.9629,1208579,89822111.43750,85398885983425859306,109950
3/17/2017,14518.7852,1224321,89853953.31250,88966202597589970086,106635
3/18/2017,14696.5419,1236276,89885435.65625,60519844564429769441,89920
3/19/2017,13915.1809,1244923,89916430.18750,57003510352675362135,84599
3/20/2017,14863.3155,1254137,89948100.50000,56949211838891853751,80264
3/21/2017,14561.0448,1264243,89979116.90625,64218718934215860189,84298
3/22/2017,14914.7357,1272509,90010489.25000,60196470444093515961,78821
3/23/2017,15425.4361,1280501,90041470.18750,60999082037629553742,82434
3/24/2017,15334.1063,1291931,90072311.12500,73289017898363959002,87775
3/25/2017,15439.4585,1301464,90103373.93750,58092453009488053955,84394
3/26/2017,16219.4936,1308803,90134549.40625,58104728576066337737,79534
3/27/2017,16894.3097,1320623,90165551.59375,77739246066675336706,94570
3/28/2017,16458.9570,1329617,90196107.06250,63882073242730655832,84348
3/29/2017,17141.8230,1338529,90227375.34375,69324984414454722873,93064
3/30/2017,17183.9723,1352837,90258195.18750,71105132156761807056,96209
3/31/2017,17643.5302,1367188,90289403.46875,77400676527541184983,103102
4/1/2017,17342.0731,1374894,90320254.40625,57222881358614525490,80572
4/2/2017,17320.8014,1385185,90350695.18750,66267082119486013587,88948
4/3/2017,16564.8723,1398126,90381881.43750,74784457554753285736,100221
4/4/2017,17593.0096,1408346,90412936.75000,64979850017955125453,86279
4/5/2017,18094.6996,1418641,90444172.06250,68312686048585142155,87411
4/6/2017,17967.3505,1432417,90474896.43750,73388622888901059024,95177
4/7/2017,18253.0325,1440597,90505970.96875,72418987716162087042,92846
4/8/2017,18340.2159,1447313,90536886.59375,52327124252717605323,72144
4/9/2017,18009.4232,1453300,90567128.62500,56805678809269509863,74557
4/10/2017,18072.1973,1460327,90597165.81250,63038607924159119657,75487
4/11/2017,18671.3934,1466464,90627616.28125,58915272174260117298,75891
4/12/2017,18555.8787,1476683,90657833.31250,80688959257184656719,80347
4/13/2017,18205.0740,1485120,90688173.15625,61658463320247919047,84124
4/14/2017,19833.8120,1492214,90719162.84375,62896440047970441193,81155
4/15/2017,19260.1407,1498803,90749160.96875,57805251362189566336,74820
4/16/2017,19591.7831,1503386,90779668.15625,55117695420304876232,70634
4/17/2017,19889.9768,1509763,90810315.65625,60473297243117476294,72546
4/18/2017,20302.3049,1518090,90840832.37500,73744781757982656265,83303
4/19/2017,20078.8856,1526805,90870444.56250,78396484540516482973,85734
4/20/2017,20288.8866,1536829,90900866.75000,71792773958471132024,85450
4/21/2017,20805.2888,1548026,90931344.09375,92197365095748269520,81278
4/22/2017,20900.9580,1555797,90961334.40625,74920144056745952813,73539
4/23/2017,21389.0055,1562427,90991825.65625,65089201817934168547,77073
4/24/2017,20664.8066,1572073,91021611.12500,72979824474233559010,80531
4/25/2017,21582.4498,1580035,91052368.93750,78574204734149950966,93033
4/26/2017,21292.6240,1596565,91081701.12500,74789723863146608844,89642
4/27/2017,21617.4059,1612349,91111031.12500,87312690911798304949,104494
4/28/2017,22951.0371,1624667,91140713.15625,79205968406814731565,106193
4/29/2017,23467.3816,1635440,91169930.81250,70202685796309630265,91335
4/30/2017,22938.2706,1647543,91199299.40625,78958630274409938318,95202
5/1/2017,23205.2792,1663543,91228656.90625,105538214140902750468,112202
5/2/2017,23246.7388,1678680,91258093.31250,112734602650155709983,110354
5/3/2017,23614.2464,1690254,91287645.96875,77313506087378257935,97334
5/4/2017,23265.2011,1708629,91317072.53125,92430339962188899806,114877
5/5/2017,24468.9937,1724130,91346771.43750,84353306060947063710,108514
5/6/2017,24415.8585,1739516,91376474.87500,84364146387450405940,95014
5/7/2017,24862.0244,1758488,91406355.03125,105733505802463497814,106631
5/8/2017,24481.3196,1777158,91435780.96875,95605963950497591848,117509
5/9/2017,25606.8006,1797526,91465535.96875,106666628386381183286,112933
5/10/2017,25352.2733,1817872,91495150.81250,104904536928794946472,109673
5/11/2017,25792.7606,1837631,91524885.34375,109393380226517345851,117189
5/12/2017,26696.7857,1853657,91554775.03125,109060373521814527007,107241
5/13/2017,26056.3076,1867571,91584028.31250,106923588255083534319,101332
5/14/2017,26882.1696,1881351,91612245.81250,106379136617490085093,101348
5/15/2017,27814.0407,1899209,91640708.15625,132123398807998424151,122792
5/16/2017,28230.1110,1919681,91669426.12500,137143767603647301057,116341
5/17/2017,26762.9284,1942480,91697325.03125,220219437190223988726,140135
5/18/2017,27740.2141,1964727,91725805.81250,158498593266697334285,137409
5/19/2017,28816.6360,1993428,91754187.06250,173985855405999463465,161568
5/20/2017,29609.4667,2017264,91782839.09375,155579769682160511631,130912
5/21/2017,30501.1451,2041878,91811493.15625,160523136917678237399,149699
5/22/2017,31382.7051,2074888,91840262.37500,182632419995022108562,176255
5/23/2017,30236.4543,2119587,91868838.46875,253728642190640668685,187121
5/24/2017,30975.7050,2162097,91897482.84375,272090679309924862059,187293
5/25/2017,31139.2104,2201139,91926318.00000,218689885039393860274,183010
5/26/2017,31197.0515,2235403,91955285.50000,206055826499096970874,169818
5/27/2017,32153.7231,2262189,91984057.21875,182127259991398239639,149450
5/28/2017,31940.9693,2288310,92012880.50000,192525514182495551341,155271
5/29/2017,34015.7294,2316858,92042417.84375,192624558129615715068,158547
5/30/2017,36263.7391,2360680,92072237.21875,319925871867210022750,193618
5/31/2017,35309.9381,2406002,92100985.65625,634072177123384502093,214126
6/1/2017,37244.2449,2445012,92129055.03125,253293470844350260748,199160
6/2/2017,36298.9273,2486438,92155875.65625,291597841473762166465,194911
6/3/2017,37390.2818,2521601,92183405.81250,228134695773493974263,175666
6/4/2017,38378.7011,2557692,92210634.56250,255713870927989048711,180136
6/5/2017,39283.0384,2595526,92238426.90625,219924346992173009813,190305
6/6/2017,39838.9042,2638490,92265908.15625,265075762618001554521,200523
6/7/2017,41466.1245,2682778,92293678.93750,277963468698831539697,207180
6/8/2017,41827.9352,2720240,92321310.18750,239515279974747434988,187700
6/9/2017,41762.2012,2760852,92348960.18750,250508480829359775358,215831
6/10/2017,43934.2690,2804195,92377118.93750,214559641123816452160,213356
6/11/2017,45025.9063,2859713,92405045.65625,313877609552976256933,240490
6/12/2017,44971.3450,2919025,92433146.28125,512809391033716073550,292941
6/13/2017,46524.8904,2978427,92461422.37500,294642099271720738321,280054
6/14/2017,47653.2451,3031828,92489691.12500,254758374393436684501,250410
6/15/2017,48524.7456,3084273,92517889.87500,279620592390911684615,261617
6/16/2017,49363.4715,3132387,92546260.81250,257508486546679467390,248003
6/17/2017,50988.9850,3178828,92574559.87500,238660364103388231832,242022
6/18/2017,51996.5122,3231660,92603147.37500,251896899621616344850,245957
6/19/2017,52568.3389,3292231,92631780.34375,283021105675980854778,286209
6/20/2017,53605.3273,3354447,92658489.71875,720031462996840104983,308488
6/21/2017,54107.9740,3386889,92684640.50000,913388218754612942675,221289
6/22/2017,54738.2538,3442987,92711173.78125,684943045550363347105,284225
6/23/2017,54340.7602,3499011,92737276.28125,469929450422587102564,276012
6/24/2017,55696.7824,3549828,92763771.28125,640185604612802012156,250570
6/25/2017,56394.2575,3593921,92790154.40625,411721489721116955158,231135
6/26/2017,58414.4698,3646944,92816853.46875,875310976343044060183,316788
6/27/2017,58319.7387,3688934,92843435.81250,332032513046042621107,252995
6/28/2017,59928.6376,3739249,92870078.46875,773236091502308226955,274241
6/29/2017,61553.5382,3787958,92897087.37500,466282393834281680729,263791
6/30/2017,61650.5709,3835524,92923943.62500,352344502266064800220,252652
7/1/2017,62556.7775,3871530,92950626.75000,315744643169712880512,240465
7/2/2017,63113.6089,3905337,92977339.09375,317468243775909028046,248617
7/3/2017,64997.0800,3960081,93004470.34375,425920316211608615127,302032
7/4/2017,66569.3952,4010868,93031836.12500,377047005195524393236,281465
7/5/2017,64822.7346,4053898,93058596.43750,409090970890427930293,271606
7/6/2017,65978.5137,4089182,93085523.00000,304771433494258564221,258791
7/7/2017,67085.5686,4131556,93112810.96875,356293806920488034078,295389
7/8/2017,67464.2959,4169731,93139877.37500,360274207471173457420,248142
7/9/2017,68072.3545,4199674,93166818.15625,256112816521955829361,225189
7/10/2017,69107.6248,4236883,93191251.75000,261598672523810517352,302633
7/11/2017,68636.1856,4279139,93215219.87500,287290319403812354449,291677
7/12/2017,66929.7884,4320310,93239157.84375,330334228770205304780,283828
7/13/2017,67583.3821,4368629,93262929.40625,327421879889750126610,260745
7/14/2017,66162.8973,4400742,93286700.65625,275880608775512764516,249381
7/15/2017,68590.0251,4428324,93310853.00000,288040626935104928109,231961
7/16/2017,70207.4606,4460257,93334862.68750,276731320514844397884,249138
7/17/2017,66693.2842,4498727,93358380.96875,281509048416621247612,248473
7/18/2017,68408.1739,4548962,93382331.28125,423677942917870608295,271055
7/19/2017,71183.4584,4584881,93406814.87500,324838750477733441948,270122
7/20/2017,73430.2935,4626800,93431307.68750,256133190043819893617,250065
7/21/2017,73178.0557,4665313,93455149.87500,309641556641903823695,232560
7/22/2017,72967.3365,4692029,93479457.21875,224825603323107335009,205574
7/23/2017,75690.2025,4728803,93503940.50000,288493997715788616147,260490
7/24/2017,73612.8357,4766918,93527999.40625,309440275124323337625,263095
7/25/2017,77165.6725,4807986,93552692.06250,355486137729586108109,242956
7/26/2017,76836.4143,4842532,93577207.06250,294383920628615754064,223010
7/27/2017,75616.4916,4872429,93601559.71875,263944245322020525245,225435
7/28/2017,77536.4097,4903853,93626244.87500,281982289906320009281,246494
7/29/2017,76584.8357,4930947,93650737.37500,204174934595232430698,198773
7/30/2017,79028.5340,4974090,93675455.03125,208036715301278286531,206624
7/31/2017,80870.2609,5010515,93699513.62500,231201083913724264420,250090
8/1/2017,80820.0069,5049868,93720934.09375,263599401863207269520,218582
8/2/2017,79694.0246,5088235,93742069.40625,236995421936534521668,231068
8/3/2017,76659.2680,5129817,93763035.81250,236502808745258771848,236335
8/4/2017,79754.3216,5169164,93784340.81250,220028357885087836001,257160
8/5/2017,78990.8015,5207095,93805528.62500,236076708761946254889,261400
8/6/2017,80020.6258,5250459,93826794.25000,244978437283443120617,265127
8/7/2017,82348.3479,5302339,93848415.81250,323349086525577669314,281172
8/8/2017,83308.9277,5357059,93870051.12500,339083820207351773196,318866
8/9/2017,84931.8970,5409615,93891780.50000,268527475016345604111,280308
8/10/2017,83442.1715,5469308,93913244.25000,313147657539911794988,338241
8/11/2017,84627.2607,5529892,93935146.28125,354162104364810446316,356682
8/12/2017,87270.9302,5585573,93957067.21875,344986095505773107330,338654
8/13/2017,87653.9263,5647075,93979101.90625,304640582603318902986,333011
8/14/2017,89584.3061,5725888,94001140.03125,345515738014742404303,410061
8/15/2017,90812.4199,5810917,94023364.40625,383745249085415778328,413246
8/16/2017,91289.1473,5866922,94045930.18750,1168463266334638923884,413624
8/17/2017,92534.9297,5934207,94068463.15625,690546642141729588619,428007
8/18/2017,91777.3051,6004737,94090773.62500,1018695224863609907914,443356
8/19/2017,95425.5042,6067912,94113338.00000,471918343256437655126,377418
8/20/2017,93281.2322,6127189,94135470.50000,293147791082707541172,309926
8/21/2017,95741.8313,6186106,94158216.28125,329868824320952789105,392880
8/22/2017,95942.1567,6252808,94180738.93750,325350122318110116393,364727
8/23/2017,98296.3711,6322823,94203348.93750,315881361228438612338,374711
8/24/2017,97228.3329,6375451,94225880.65625,322859895183154977415,352465
8/25/2017,95339.2953,6425907,94244701.43750,310136759482145446983,352621
8/26/2017,95944.7226,6471420,94263267.21875,297916682977333742044,306268
8/27/2017,95506.9876,6521068,94281902.68750,275335440066792045568,324173
8/28/2017,92566.5693,6574380,94300328.15625,323120549329009327805,363799
8/29/2017,99235.3690,6636587,94319408.31250,516170615619647865068,394649
8/30/2017,99678.7102,6703644,94338352.21875,433380111261617053561,400220
8/31/2017,97955.4642,6771516,94357118.31250,737552600750382680364,384421
9/1/2017,98985.3654,6837885,94375947.68750,515416187021540248254,390997
9/2/2017,98883.0465,6892287,94394795.81250,613662115947220532737,331797
9/3/2017,98450.1542,6941689,94413437.84375,296684543722556240166,302525
9/4/2017,99991.3961,7004719,94432358.93750,487767496108771785865,442592
9/5/2017,100474.3339,7067974,94451460.18750,615809001055405203097,444572
9/6/2017,99614.2702,7136790,94470348.46875,770277418637855913270,496376
9/7/2017,101735.9047,7201288,94489481.12500,734239584314302559884,448347
9/8/2017,106728.0408,7267913,94508748.31250,758749006955942549908,463670
9/9/2017,104087.0767,7329084,94527784.09375,441035120382979369503,383654
9/10/2017,102462.2609,7379849,94546772.84375,413297569259006079549,325128
9/11/2017,102521.0502,7444820,94565618.93750,393332823000430979888,365384
9/12/2017,108070.1938,7508515,94584931.43750,519977466207659415783,404898
9/13/2017,103537.1178,7563718,94603829.71875,463058657601601522710,365679
9/14/2017,105590.7742,7618435,94623119.40625,408768329593545821126,380251
9/15/2017,109240.2979,7679736,94642655.81250,636971536778819209024,441767
9/16/2017,107169.6341,7729925,94661993.78125,660859549314408001047,373764
9/17/2017,108004.7306,7772453,94681215.81250,371183068103848447609,289517
9/18/2017,105851.5969,7822945,94700280.81250,403163138029643864124,362764
9/19/2017,108650.3899,7878304,94719653.78125,385073423359178467932,337752
9/20/2017,107391.0713,7943832,94738835.81250,656834640397105791211,324984
9/21/2017,109411.5400,8006858,94758172.21875,325903199025540040684,317074
9/22/2017,108415.5019,8042491,94773915.81250,306112519401891525774,271470
9/23/2017,103936.5010,8078626,94788921.59375,315524338577302959857,260107
9/24/2017,106744.3503,8112522,94804383.00000,440089694340212251319,280929
9/25/2017,101530.2447,8153119,94819257.37500,383148272059298778562,306614
9/26/2017,102987.1868,8211953,94834464.25000,385775178878301041310,306075
9/27/2017,105672.8117,8269803,94849875.34375,422710363398752933696,309047
9/28/2017,101865.3038,8323753,94864873.31250,370160472356163295798,329208
9/29/2017,97747.1226,8364828,94879725.81250,330886157979594145649,326502
9/30/2017,97246.8496,8406110,94894657.21875,371957481380512611746,295798
10/1/2017,101856.5841,8439924,94909789.87500,358613329436254304597,283871
10/2/2017,101498.7153,8487975,94924879.09375,356930578828195825541,306095
10/3/2017,101330.3025,8537491,94940057.53125,381246395654145484290,327906
10/4/2017,104322.3490,8583378,94955375.96875,385387152162937564637,307399
10/5/2017,107720.1602,8622252,94970853.00000,418983077851950083762,314808
10/6/2017,102813.1953,8660904,94985877.06250,437255331091613042088,319882
10/7/2017,100704.8489,8696647,95000892.21875,316276345068356551823,291091
10/8/2017,104067.9114,8738451,95016091.75000,357347800341582836945,296829
10/9/2017,104686.6792,8791812,95031300.50000,379844761748672585299,328172
10/10/2017,106119.6349,8837358,95046784.87500,417793497545713700015,349605
10/11/2017,109279.7021,8880536,95062284.71875,938415100756440140153,344305
10/12/2017,105449.0222,8930073,95077676.28125,421957034378931247313,363411
10/13/2017,110049.5848,8982527,95093113.46875,474904048256685570442,379136
10/14/2017,105135.7480,9026250,95108431.28125,398049613885228241262,332169
10/15/2017,108556.0976,9075349,95124011.43750,386388929966350517732,328921
10/16/2017,112491.5255,9135201,95140181.00000,337116475117611492142,408297
10/17/2017,114496.6530,9195945,95160328.25000,322847244140186147412,505611
10/18/2017,113792.9401,9250984,95180705.65625,299370944841425492171,470449
10/19/2017,117973.6768,9320260,95201131.81250,283929624900779239198,494184
10/20/2017,117268.4555,9391327,95221606.81250,491672418413768698430,546837
10/21/2017,116687.3756,9450402,95241750.03125,230098011400130959809,462902
10/22/2017,118870.2012,9508412,95262134.28125,196134800566113227074,435493
10/23/2017,117763.0093,9581597,95282604.68750,269725566031986148263,468168
10/24/2017,121642.1225,9668925,95303134.15625,357095144057030277081,492288
10/25/2017,118684.8641,9742825,95323352.37500,290665881547283593322,460419
10/26/2017,114761.8238,9815741,95343550.53125,275041131001189840720,466406
10/27/2017,117091.7153,9877222,95364021.78125,297455543733301559684,486147
10/28/2017,118629.8189,9919259,95384467.15625,241167628141156534205,484554
10/29/2017,117105.7539,9962016,95404755.96875,242546692538610440351,494176
10/30/2017,115204.0015,10016332,95424854.56250,295610197213806392153,532626
10/31/2017,119297.9707,10090762,95445491.00000,330604031180157843579,519906
11/1/2017,120477.0125,10170977,95465719.34375,370465694941201541908,527783
11/2/2017,115774.5028,10265149,95486016.12500,373864831846244436703,529277
11/3/2017,113706.9239,10334844,95506325.56250,278695734082719853906,485790
11/4/2017,111929.8264,10389337,95526513.87500,212077525073945084800,398758
11/5/2017,117028.6700,10440241,95547106.34375,199749040549872532881,417102
11/6/2017,114621.4140,10503649,95567346.96875,268798303897472240931,511663
11/7/2017,113925.2212,10557839,95587760.75000,315044497913178252633,470418
11/8/2017,116144.1465,10631410,95608013.65625,379928853676412657103,480413
11/9/2017,114107.8220,10737345,95628326.75000,324913774650554876182,467172
11/10/2017,115773.7593,10833256,95648853.59375,291688738911173226248,457427
11/11/2017,115718.4140,10910568,95669271.87500,232953762073343777781,394378
11/12/2017,118263.4894,10997046,95689482.59375,297799562429250626367,434380
11/13/2017,117469.6839,11079264,95709903.78125,309385435142584601652,443176
11/14/2017,114709.8740,11161837,95729953.81250,335979527230492319770,475984
11/15/2017,115382.9053,11266683,95750447.37500,412662550358806354474,540593
11/16/2017,111657.6225,11364268,95770669.90625,353507082797256439997,491482
11/17/2017,112630.8165,11464078,95791033.90625,373486764295050208400,508590
11/18/2017,111516.8425,11538878,95811365.84375,255609620533126714339,459679
11/19/2017,112980.6417,11608818,95831788.62500,282287107555640355383,464563
11/20/2017,120188.5528,11684803,95852196.96875,371508144057564609180,530141
11/21/2017,118772.9291,11772235,95872590.96875,363885755271037885352,524044
11/22/2017,118382.3196,11857891,95893095.40625,365489233899613082003,546489
11/23/2017,122161.9842,11944929,95913442.81250,363134860953734755188,537068
11/24/2017,124844.7158,12032606,95933855.93750,312003080397651703733,525529
11/25/2017,125309.3717,12117975,95954171.00000,289454952242473202889,561166
11/26/2017,125187.2930,12206781,95974531.81250,355108567824283180979,542484
11/27/2017,123438.9985,12307159,95994803.56250,369147153812364788224,608695
11/28/2017,121376.5047,12432637,96015113.18750,423203743142495619496,638989
11/29/2017,123404.9935,12552695,96035538.21875,444283457464524015736,663579
11/30/2017,124830.2891,12661777,96055954.34375,423152742251986989286,655457
12/1/2017,125492.7020,12765900,96076431.03125,416073298110365404963,622720
12/2/2017,125605.2762,12861547,96096636.21875,344504596509460534102,627785
12/3/2017,121828.5383,12965590,96116972.75000,407152401006737587746,693808
12/4/2017,125869.5928,13091051,96137400.96875,804106265031308025828,701834
12/5/2017,123432.1491,13208395,96158037.78125,1183244508785510964674,693090
12/6/2017,123628.5175,13403976,96178679.00000,1540650625445084623316,791746
12/7/2017,125209.8857,13563836,96199585.25000,2239289048257415314301,659068
12/11/2017,128336.6496,13685739,96219914.75000,1531823683897428234440,828899
12/12/2017,128931.8969,13835239,96240488.28125,1559061195386161064344,872340
12/13/2017,134096.1365,14031511,96261094.62500,1445285300110460015050,909631
12/14/2017,137629.7703,14252053,96281880.03125,1714108152765139506274,942559
12/15/2017,143758.2604,14448281,96302709.87500,1455136989419773656257,904346
12/16/2017,141945.8652,14626324,96323094.12500,1468251250874386601879,899857
12/17/2017,142954.4584,14830225,96343439.18750,1172634385789492918491,876574
12/18/2017,147283.4924,15048543,96364002.78125,1161928901998859936251,984021
12/19/2017,144785.8066,15279164,96384632.28125,1487482223271253497606,1092234
12/20/2017,143787.1073,15516708,96405263.65625,1731489837131818457918,986104
12/21/2017,143918.9673,15776743,96425678.46875,1760206790598993545127,1072665
12/22/2017,143237.6550,16028810,96446249.75000,1640148074105191531634,1103523
12/23/2017,149570.4924,16225562,96467085.03125,1207059669915191950275,918881
12/24/2017,148933.7151,16369637,96487589.18750,1024106049881333511770,758234
12/25/2017,150660.6855,16504753,96508036.06250,756767674900850093881,752361
12/26/2017,151469.2196,16664340,96528419.75000,743062865870104083046,813510
12/27/2017,152530.5011,16858137,96548952.87500,826181804792266254427,912752
12/28/2017,156618.8488,17052881,96569387.00000,832962895657955295053,949503
12/29/2017,153605.9851,17303659,96589852.34375,1007437081367732117113,1090191
12/30/2017,154787.9850,17585213,96610395.68750,972744759532174412944,1136659
12/31/2017,156919.1805,17776281,96630853.06250,871221521887439749223,946981
1/1/2018,159441.8475,17938270,96651474.40625,768440906472796546663,908945
1/2/2018,159057.5377,18191370,96672035.46875,1053030166302171967008,1153936
1/3/2018,158805.4552,18506786,96692634.68750,1240294973186690265044,1238030
1/4/2018,162473.4175,18859674,96713600.56250,1483652748503626565947,1349890
1/5/2018,166391.1687,19204548,96734515.43750,3180856480067084558974,1271577
1/6/2018,163074.7937,19514639,96755466.59375,3641860337658125648608,1226417
1/7/2018,169010.8826,19763407,96776644.53125,2910382039958150507638,1152722
1/8/2018,168775.8944,20033919,96797247.96875,2944304860478386967518,1215473
1/9/2018,170785.6861,20318500,96817983.78125,3091626897023070047120,1256240
1/10/2018,174332.6871,20602130,96839065.71875,3696646401950231053728,1177685
1/11/2018,179701.7760,20895898,96860099.00000,3132478755097157400066,1173965
1/12/2018,180394.1239,21155166,96881014.25000,2324709275834572294888,1118757
1/13/2018,181051.4051,21395471,96901697.46875,2411655583204587588153,1179321
1/14/2018,185408.6710,21604361,96922723.71875,2236838275781156726667,1081593
1/15/2018,181636.7811,21839435,96943133.09375,2227026797607142171525,1206420
1/16/2018,187122.9824,22114259,96964022.56250,2229811909529915579757,1277936
1/17/2018,191023.8179,22381860,96984863.93750,2069225744436101247921,1277083
1/18/2018,189281.4868,22634368,97005421.25000,2153066738944201191986,1205184
1/19/2018,188933.6732,22828921,97026051.68750,1866326524035499619292,1043257
1/20/2018,196739.0047,23003063,97046812.62500,1776831019809789468505,984489
1/21/2018,192489.0949,23162408,97067087.28125,1323960385411046834611,1006530
1/22/2018,197018.3120,23338178,97087654.15625,1196762656913288027486,972911
1/23/2018,196608.2455,23505384,97108140.21875,1439104280078006556759,928494
1/24/2018,201694.5298,23669931,97128715.62500,1292593054752972467299,913668
1/25/2018,203394.4979,23769900,97149055.06250,1058460297722427697956,788515
1/26/2018,203454.7751,23937049,97169456.09375,958758910850724263282,953429
1/27/2018,202106.5578,24068667,97189877.28125,816463979895030220521,831992
1/28/2018,204748.6580,24218600,97210440.59375,887823405460725630962,889104
1/29/2018,213099.1585,24362665,97230997.34375,1275091188892739898843,936845
1/30/2018,210494.5728,24517031,97251302.28125,1062581044814676638643,906578
1/31/2018,215826.4032,24670526,97271840.65625,1068648284563711239394,877284
2/1/2018,221004.0257,24828260,97292382.78125,1550754475171311530943,1008759
2/2/2018,224386.6900,24999905,97313024.37500,1202446581711127507322,981133
2/3/2018,223750.0072,25122116,97333343.46875,887378180489834484329,814486
2/4/2018,223628.1980,25254067,97353658.90625,844771117177603385853,800876
2/5/2018,229317.1819,25384970,97374292.71875,873209993830719855020,875761
2/6/2018,226643.5460,25526820,97394674.34375,925671715837918531901,888219
2/7/2018,232001.6424,25643425,97415108.09375,850591810780425278282,818625
2/8/2018,229493.3998,25726766,97435492.43750,654747657376654762391,681344
2/9/2018,232843.1343,25837403,97455764.56250,702094308269009454707,789807
2/10/2018,234466.2002,25966970,97476452.28125,761995777804930151045,848390
2/11/2018,236401.4541,26075186,97496576.56250,646192856431445452291,773496
2/12/2018,241154.4129,26210379,97517062.53125,642814524280485215530,829020
2/13/2018,242643.0985,26316941,97537506.96875,631470109460300672230,745822
2/14/2018,236293.6820,26424354,97557559.53125,642037200275274564971,746384
2/15/2018,238380.5890,26539853,97578167.93750,634597078790457506176,777318
2/16/2018,243106.1504,26638444,97598540.18750,601582134922607254221,704758
2/17/2018,243542.0698,26736333,97619091.31250,678768793334739828202,772079
2/18/2018,243539.0262,26823106,97639437.40625,766145047919865922075,756092
2/19/2018,242911.4767,26922296,97659862.15625,656179260443436593806,811384
2/20/2018,239653.9119,27047792,97680269.46875,745416963641881496807,886897
2/21/2018,241642.4700,27149585,97700941.90625,741308287976547281988,850504
2/22/2018,243671.4308,27240652,97721343.12500,614720011616644790837,761893
2/23/2018,245866.6703,27328384,97742009.37500,626411385520844402743,733084