Timestamp,Hashrate,Addresses,Supply,Trx_Fee,Daily_Trx
7/30/2015,11.5297,9205,72049306.59375,0,8893
7/31/2015,51.4594,9361,72085498.3125,0,0
8/1/2015,57.7845,9476,72113204.25,0,0
8/2/2015,67.9224,9563,72141427.6875,0,0
8/3/2015,74.5737,9639,72169404.40625,0,0
8/4/2015,82.0352,9696,72197882.84375,0,0
8/5/2015,86.1558,9749,72225411.4375,0,0
8/6/2015,88.3326,9790,72252486.90625,0,0
8/7/2015,95.2981,10314,72279924.5625,37318413511.2793,2050
8/8/2015,104.8971,10730,72307868,68099970071.8568,2881
8/9/2015,109.6916,11004,72335046.28125,14098949703.2056,1329
8/10/2015,120.5988,11679,72362863.625,31165144438.3787,2037
8/11/2015,134.7695,13576,72390891.4375,11311448586.0198,4963
8/12/2015,143.0004,13913,72418262.375,32586992404.3777,2036
8/13/2015,156.6101,14459,72446530.5,24929169109.9431,2842
8/14/2015,196.7576,15024,72477637.21875,14354834112.8275,3174
8/15/2015,227.665,15407,72506149.875,8836593028.04685,2284
8/17/2015,258.9066,15693,72534268.78125,7642811839.63496,2512
8/16/2015,231.8948,15984,72561363.3125,6677237924.90556,2440
8/18/2015,270.4645,16268,72587526.125,11906071340.176,2494
8/19/2015,284.0496,16553,72614808.15625,15430950669.4802,3246
8/20/2015,221.4382,16773,72635865.1875,6855566942.70663,2303
8/21/2015,277.282,17070,72662556.125,7855041724.70532,3919
8/22/2015,312.6127,17313,72690106.59375,42547171829.5825,3579
8/23/2015,317.1623,17662,72716362.21875,8049767672.9018,4190
8/24/2015,333.3458,17839,72743695.5,8876285419.79861,4432
8/25/2015,325.2465,18089,72770431.59375,8259755825.11054,4487
8/26/2015,343.1277,18298,72796569.5625,7447729278.55698,4156
8/27/2015,341.1168,18508,72821102.375,8670963042.88794,5590
8/28/2015,355.2287,18687,72845327.53125,9925148370.50521,4758
8/29/2015,351.453,18815,72867852.53125,5507451526.06155,4139
8/30/2015,340.144,19017,72889306.125,5634173742.43262,4572
8/31/2015,359.3523,19168,72910599.5625,7424533814.37899,5196
9/1/2015,363.4134,19349,72930942.53125,7843769855.8944,5153
9/2/2015,355.9032,19500,72949329.875,8153735331.05102,5195
9/3/2015,339.3088,19646,72966710.8125,6970025674.09968,4777
9/4/2015,350.0661,19791,72989792.6875,9733856361.4693,5642
9/5/2015,374.917,19955,73015421.75,9141228323.60337,5519
9/6/2015,388.4451,20081,73041590.03125,8055487734.516,5521
9/7/2015,379.8349,20308,73067050.5,9256422395.86653,5702
9/8/2015,370.7395,20433,73092943,10379926302.0444,5622
9/9/2015,386.1935,20609,73119370.65625,9840601069.16306,5604
9/10/2015,392.0801,20711,73145814.875,7925807170.79699,5341
9/11/2015,421.6556,20897,73173054.71875,8876728152.67996,6460
9/12/2015,424.2721,21043,73199455.8125,11354833193.5052,5596
9/13/2015,432.7014,21252,73225627.21875,9578725673.91911,6057
9/14/2015,399.6471,21409,73251215.34375,9901548419.39516,5572
9/15/2015,387.7858,21581,73276830.65625,8426997145.28331,5409
9/16/2015,383.9057,21719,73303148.78125,15146617077.8448,5872
9/17/2015,362.1457,21826,73328584.40625,8556523791.45551,5368
9/18/2015,346.2296,21999,73354486.125,11834821066.1985,5802
9/19/2015,357.5566,22106,73381665.8125,7982204372.92547,5205
9/20/2015,408.748,22230,73409648.46875,10969645471.7551,6402
9/21/2015,409.9779,22363,73436300.34375,10180741940.9429,6305
9/22/2015,410.0917,22496,73462670.65625,11404145175.9166,6804
9/23/2015,438.8619,22648,73489750.96875,10700267104.7921,7404
9/24/2015,436.2345,22783,73516136.75,10319506266.5013,6224
9/25/2015,443.497,22902,73543140.1875,9836594916.1266,5851
9/26/2015,440.6371,22964,73569050.5,9289146478.62103,5907
9/27/2015,426.444,23045,73594061.59375,8423870450.44485,5760
9/28/2015,391.4721,23160,73618775.8125,9272346609.30711,6123
9/29/2015,347.3122,23283,73643144.25,8877328420.74942,5738
9/30/2015,332.8925,23385,73668238,8385327115.721,5870
10/1/2015,365.2783,23482,73695660.03125,8767949463.44592,6421
10/2/2015,378.4969,23563,73722573.15625,9765296662.85067,6063
10/3/2015,390.9186,23689,73749026.90625,9791648364.45863,6112
10/4/2015,371.1233,23777,73774507.0625,9431925785.89795,6624
10/5/2015,385.5859,23909,73800643.9375,11486773507.2301,6279
10/6/2015,368.4521,24005,73825680.5,9995299953.55286,6458
10/7/2015,366.9765,24102,73851814.09375,12182989920.7108,7121
10/8/2015,375.1336,24168,73878596.28125,11972933368.3424,6926
10/9/2015,364.9485,24243,73904043.9375,11309218384.3179,6763
10/10/2015,360.6383,24303,73929543.625,11382811617.0538,6529
10/11/2015,381.8711,24359,73956054.40625,8998794599.15072,6023
10/12/2015,386.3386,24473,73982854.40625,10703807320.8173,6593
10/13/2015,397.9554,24675,74009522.6875,12323248799.6423,6818
10/14/2015,394.1999,24906,74035398.3125,11831998521.079,6830
10/15/2015,372.9212,25142,74061008.78125,18870343861.6697,6499
10/16/2015,347.0096,25248,74086450.1875,21179446545.6481,6795
10/17/2015,373.0388,25356,74112900.8125,12291462445.798,6567
10/18/2015,362.4454,25489,74138749.09375,13113012602.0698,6481
10/19/2015,360.9165,25729,74164715.8125,11699219139.6033,6604
10/20/2015,359.4184,25828,74190908.3125,11527019798.7697,5897
10/22/2015,341.149,25982,74216239.09375,13200504837.912,5979
10/21/2015,358.9999,26244,74242285.5,10155857734.6744,6182
10/23/2015,380.6258,26449,74269844.09375,13747941391.8476,6888
10/24/2015,400.8051,26892,74296959.09375,10696638217.1522,6361
10/25/2015,415.4128,27220,74323773.3125,9079512126.15754,5830
10/26/2015,399.276,27534,74349688.625,10773267121.6144,5938
10/27/2015,423.6995,27744,74377214.875,18902897578.3755,6784
10/28/2015,425.0888,27918,74403563.3125,10898696630.1071,7346
10/29/2015,457.198,28188,74431070.34375,12550751739.957,7836
10/30/2015,485.0091,28770,74458794.25,13466321660.4163,7941
10/31/2015,512.5808,29166,74486542.0625,15482425600.5449,7557
11/1/2015,520.7818,29676,74514722.21875,16170261068.4175,6915
11/2/2015,494.4047,29973,74541856.4375,10396013972.7004,6558
11/3/2015,480.1956,30326,74569462.21875,12240350989.9485,7399
11/4/2015,508.4657,30608,74597178.625,9392856950.58746,7037
11/5/2015,489.3514,30815,74624470.03125,10593890524.4097,7498
11/6/2015,491.3861,30968,74651892.21875,15936270156.5568,7882
11/7/2015,478.1613,31514,74678607.53125,32079919793.3494,10996
11/8/2015,498.873,32153,74705896.59375,29526878882.443,12413
11/9/2015,496.5674,32455,74732956.125,11263102919.4432,7689
11/10/2015,505.3881,32634,74760400.1875,15351192628.2992,8151
11/11/2015,508.885,32804,74788226.75,23076791328.1558,10217
11/12/2015,517.4888,32918,74816251.28125,25889101201.7699,9534
11/13/2015,528.3143,33055,74844436.4375,14583302464.8658,7891
11/14/2015,534.8715,33157,74872794.09375,18534033511.7042,7211
11/15/2015,550.2513,33264,74900914.25,11483974092.6352,7170
11/16/2015,541.2585,33376,74928309.40625,10269635973.0557,7442
11/17/2015,535.801,33512,74956103,9596829650.57591,7145
11/18/2015,550.5812,33629,74983355.03125,10321475397.4156,7373
11/19/2015,552.7532,33765,75009918.46875,15863939513.515,8876
11/20/2015,472.9611,33883,75035048.9375,11986899241.9368,6348
11/21/2015,480.0484,33999,75061831.125,11244910062.6026,6822
11/22/2015,480.251,34447,75088819.71875,11241715326.2866,7083
11/23/2015,487.9382,34594,75116092.0625,13316084717.8521,8260
11/24/2015,486.5758,34812,75142940.1875,12966491027.1587,7152
11/25/2015,470.151,34913,75169412.0625,12459630991.6723,7098
11/26/2015,470.857,35071,75195950.5,9307010479.99245,7278
11/27/2015,492.9653,35136,75223837.375,9399192619.41986,6639
11/28/2015,498.5437,35204,75251045.34375,14567130571.4698,6817
11/29/2015,500.4669,35288,75278393.15625,9090792117.11371,6853
11/30/2015,503.9533,35402,75305749.40625,20815751537.7374,8986
12/1/2015,514.3284,35508,75333292.21875,13074388944.5758,6794
12/3/2015,504.3068,35610,75361355.5,10666077605.0066,6971
12/2/2015,481.8385,35709,75387362.53125,11438122532.1742,6502
12/4/2015,493.1904,35879,75414041.90625,12372342317.4672,6898
12/5/2015,511.9346,36022,75440623.78125,13084824514.8391,6784
12/6/2015,487.6672,36291,75466879.5625,17147404223.1883,9103
12/7/2015,483.681,36437,75493598.46875,9642772252.25518,7141
12/8/2015,469.5651,36557,75519910.96875,9146200894.28979,6697
12/9/2015,494.265,36673,75548235.03125,10136989432.6546,7001
12/10/2015,504.7793,36820,75575712.375,11340935043.4306,7444
12/11/2015,514.5903,36951,75602735.1875,16852443787.7579,8105
12/12/2015,517.9029,37373,75629941.75,23123143175.9297,8205
12/13/2015,556.8745,37569,75657849.09375,18732109712.6653,7426
12/14/2015,541.3528,37729,75684557.6875,74652439561.455,15550
12/15/2015,559.704,37850,75711572.21875,114407858336.817,21098
12/16/2015,534.0622,37990,75738029.5625,44216781874.7747,10304
12/17/2015,553.9679,38358,75764912.6875,32401075213.2084,9612
12/18/2015,552.1806,38634,75791584.25,32181421454.6963,9032
12/19/2015,548.8488,38756,75818278.78125,28516230925.703,9314
12/20/2015,533.1539,38902,75844714.875,34427170021.6458,9879
12/21/2015,531.4617,39082,75871172.6875,39119193998.3611,12063
12/22/2015,564.9776,39208,75898547.0625,59162525716.9546,21027
12/23/2015,552.9946,39317,75925946.4375,81425990746.2951,22740
12/24/2015,539.4988,39422,75952633,45754637863.072,13494
12/25/2015,539.1713,39537,75979436.59375,26594059296.5312,9521
12/26/2015,529.3583,39678,76005996.75,31296185188.3955,10726
12/27/2015,545.346,39822,76032850.5,86634345029.1679,21867
12/28/2015,545.0927,40010,76059908.46875,36400490688.4878,12368
12/29/2015,542.2221,40182,76086569.5625,33189211049.8826,11358
12/30/2015,534.5552,40333,76113305.8125,76132284001.6542,21767
12/31/2015,542.7166,40566,76140217.84375,25067324647.3014,10301
1/1/2016,526.2007,40701,76166284.40625,15650894936.7188,8233
1/2/2016,528.0765,40850,76193668.3125,19359790811.8577,9164
1/3/2016,544.8281,41000,76221344.09375,19448316682.4665,9258
1/4/2016,541.3346,41198,76248764.71875,21310431896.3137,9474
1/5/2016,548.8214,41381,76276603.9375,60356444504.2775,16430
1/6/2016,552.2518,41647,76304229.40625,66533918450.1612,17074
1/7/2016,526.3401,41869,76331251.59375,65506547602.4396,22075
1/8/2016,550.7067,42078,76359248.3125,26049507544.5064,10919
1/9/2016,551.6457,42411,76386844.09375,39300517520.86,11793
1/10/2016,538.0286,42678,76414132.0625,26326052773.3229,10320
1/11/2016,561.5707,43005,76441137.21875,25513565112.8461,10893
1/12/2016,541.1136,43351,76467038,25630722267.4603,10862
1/13/2016,530.6222,43579,76493573.3125,60312609443.6415,17665
1/14/2016,553.7419,43804,76520492.53125,26776176405.0364,10653
1/15/2016,567.1537,44209,76547289.875,23160124217.7737,9875
1/16/2016,574.0822,44494,76573813,22650257057.2844,10664
1/17/2016,568.3259,44771,76600412.84375,17039702197.2285,9747
1/18/2016,591.419,45167,76627033,30918809979.8842,12916
1/19/2016,584.904,45486,76653125.8125,35576958227.9663,13420
1/20/2016,588.1518,45937,76679668.3125,19013491869.6109,10610
1/21/2016,584.1308,46362,76705587.53125,20295975834.4998,10734
1/22/2016,610.6596,46783,76731842.53125,31181325074.5786,13848
1/23/2016,608.8656,47374,76757612.21875,17432803410.5711,11025
1/24/2016,650.5701,48105,76784855.1875,23730882576.7431,12798
1/25/2016,624.8285,48925,76810552.21875,40191242860.8067,17121
1/26/2016,672.8732,49844,76837541.4375,37898057547.5761,16511
1/27/2016,663.7333,50637,76863642.21875,56860146719.7169,18747
1/28/2016,652.1991,51643,76890206.90625,41356011041.1447,16765
1/29/2016,670.1196,52611,76916367.375,37410343427.4615,16395
1/30/2016,668.8032,53598,76942560.5,35429282168.0805,14661
1/31/2016,646.7083,54494,76968242.375,33883769366.7839,14166
2/1/2016,679.1845,55186,76994673.625,32539227416.2166,14199
2/2/2016,648.4793,55768,77020542.0625,29462927838.4457,14291
2/3/2016,696.9209,56445,77047840.03125,27729175477.2882,14274
2/4/2016,694.2255,57050,77074402.375,32717501856.6422,14371
2/5/2016,698.6372,57863,77100960.96875,38974371493.1853,15249
2/6/2016,674.6478,58402,77127306.75,240782836139.498,31418
2/7/2016,693.3343,58925,77153991.4375,53120733907.4333,14264
2/8/2016,723.2448,59593,77180646.4375,37812427358.8684,14719
2/9/2016,699.4473,60346,77207117.53125,50166925483.7127,15517
2/10/2016,718.0474,61635,77233278.78125,58884244371.3483,17141
2/11/2016,747.5285,63947,77259756.59375,46523547266.4257,21440
2/13/2016,766.029,65365,77286638.15625,36118585709.5973,19327
2/12/2016,720.7269,66901,77313140.1875,33065545419.0097,18109
2/14/2016,775.2691,68010,77339469.25,27773044299.7066,16624
2/15/2016,794.6889,68996,77365694.5625,30725342958.7348,17159
2/16/2016,789.694,69956,77392140.34375,33294520810.5968,17549
2/17/2016,770.0884,70919,77417812.375,41019393677.1633,19990
2/18/2016,750.9481,71720,77444027.21875,29269923354.8961,16969
2/19/2016,794.8141,73097,77470682.6875,37036003294.3273,18412
2/20/2016,800.292,73761,77497243.46875,26791644896.4461,16714
2/21/2016,808.8832,75500,77523780.03125,28140680307.9675,17119
2/22/2016,844.5991,76417,77550537.84375,32549111059.5498,18190
2/23/2016,849.5091,77363,77576707.84375,94164366247.6463,18482
2/24/2016,846.5788,78179,77603134.71875,52032071341.042,19540
2/25/2016,855.9038,79187,77629958.46875,31612843090.2596,19503
2/26/2016,881.5024,80568,77656612.53125,50861640425.6414,21068
2/27/2016,896.6538,81372,77682812.375,28374744694.6272,18981
2/28/2016,915.9603,82742,77709234.40625,29358720800.3082,19063
2/29/2016,885.9939,84582,77734463.9375,32944190213.8078,20358
3/1/2016,900.4969,86447,77760945.03125,33950840330.5522,21778
3/2/2016,939.1247,88628,77787589.25,39078762637.8784,23562
3/3/2016,957.2282,90921,77813700.5,35332731090.0656,24837
3/4/2016,982.6566,93327,77839585.8125,33963179590.7319,24287
3/5/2016,1030.3311,96435,77866168,33898152810.3038,27115
3/6/2016,1036.7243,99307,77891567.6875,37692122626.3818,27661
3/7/2016,1047.5369,101184,77917553.15625,30377257627.2564,23271
3/8/2016,1060.2446,103555,77943376.28125,33347463941.224,24104
3/9/2016,1080.6917,105944,77969119.5625,26064171432.9832,24557
3/10/2016,1124.5588,108347,77995747.0625,20346662047.3723,24814
3/11/2016,1152.2742,109835,78022049.5625,19247904795.593,23124
3/12/2016,1215.6928,111755,78048419.71875,24293925277.2654,27887
3/13/2016,1291.2983,113690,78075670.1875,25641714776.8732,28127
3/14/2016,1246.4302,115840,78102078.15625,27788708533.1348,28528
3/15/2016,1295.5505,117680,78133301.75,24012965397.747,29273
3/16/2016,1322.2236,119290,78164791.90625,23872785945.3998,27596
3/17/2016,1369.4014,120974,78196816.4375,31668098021.2903,33531
3/18/2016,1354.7364,122851,78228103.625,27432688683.1826,31821
3/19/2016,1419.6017,124108,78260182.0625,44285379641.5521,34779
3/20/2016,1450.4615,125636,78291777.21875,35728853851.6077,32447
3/21/2016,1430.1956,127167,78323160.1875,32462389073.7613,32511
3/22/2016,1466.4437,128345,78354872.0625,26139489102.8328,32890
3/23/2016,1389.2046,129689,78386166.125,32658298331.5126,31786
3/24/2016,1505.2497,130970,78418237.21875,41409782633.8738,36947
3/25/2016,1574.3074,132066,78450127.0625,40354891825.0728,36762
3/26/2016,1620.192,133107,78482062.375,35056420511.198,36646
3/27/2016,1641.9153,134131,78513693.15625,19209907756.8399,29974
3/28/2016,1608.6662,135514,78544999.71875,26382126085.5868,33613
3/29/2016,1670.8109,137297,78576437.53125,23912789886.5714,33915
3/30/2016,1712.2136,139755,78608138,37377481423.0688,36767
3/31/2016,1769.0299,141814,78639526.90625,25021663298.1291,32259
4/1/2016,1789.7099,142900,78671411.59375,24237409893.8085,33320
4/2/2016,1726.9503,144015,78702492.84375,18065663950.9779,29358
4/3/2016,1825.8351,144966,78734222.53125,17936872868.5902,29588
4/4/2016,1909.2179,146172,78766175.65625,24869415920.2554,34907
4/5/2016,1918.4151,147380,78797750.5,28606927282.5868,39173
4/6/2016,1894.4371,148499,78829013.15625,21679132762.5232,32078
4/7/2016,1812.6601,149643,78860180.5,21412719486.9204,31893
4/8/2016,1973.1984,150453,78892094.875,25167538266.0334,34010
4/9/2016,1959.8205,151383,78923008.46875,19998059997.1224,31923
4/10/2016,2036.3026,152608,78954790.1875,19447012947.6767,32237
4/11/2016,1971.8315,153660,78985756.75,18656502908.5932,30327
4/12/2016,1930.8805,154885,79017139.5625,22906012147.9988,34673
4/13/2016,2027.4732,156088,79048625.65625,32967124210.0454,36051
4/14/2016,2040.3898,157073,79080026.75,31728571600.6255,34781
4/15/2016,2122.0072,157904,79111760.1875,23378874230.6267,34959
4/16/2016,2151.0281,158682,79143291.4375,17224482778.205,30483
4/17/2016,2099.2955,159556,79174794.5625,30208193703.8635,40203
4/18/2016,2225.2231,160474,79206654.09375,20099187823.6724,33513
4/19/2016,2224.0597,161308,79237980.65625,19104945850.0097,32622
4/20/2016,2269.7286,162317,79269812.0625,23848410608.173,32944
4/21/2016,2289.2977,164290,79301185.96875,30380826050.4793,37181
4/22/2016,2218.8202,165351,79332762.6875,20576079560.2496,31678
4/23/2016,2314.4714,166350,79364456.28125,19513944752.1599,31845
4/24/2016,2281.4876,167428,79395951.28125,22486014517.8235,34046
4/25/2016,2398.2374,168546,79428088.3125,23862166178.6472,35430
4/26/2016,2327.7401,169724,79459376.125,21659383479.9307,32582
4/27/2016,2343.4699,170969,79491251.125,20450152724.9888,33847
4/28/2016,2398.094,172060,79522933.625,22638623847.7261,34343
4/29/2016,2445.412,173151,79554617.21875,23435252915.2329,37332
4/30/2016,2541.0507,179195,79586508.9375,32152456063.4667,45769
5/1/2016,2519.2786,181732,79617521.75,36700669237.3878,39578
5/2/2016,2435.2643,185706,79649433.3125,27427867397.7617,41748
5/3/2016,2570.8192,187283,79681224.5625,26840990230.6588,37821
5/4/2016,2540.3269,188964,79712683.3125,27322747028.9158,37484
5/5/2016,2548.6649,190554,79744463.3125,31134811444.6921,38707
5/6/2016,2558.802,191961,79776200.96875,35174889059.5766,41271
5/7/2016,2546.9321,193317,79807774.09375,24227823434.1613,35864
5/8/2016,2596.7218,194961,79839623.3125,28900901275.8702,40063
5/9/2016,2619.8292,196739,79871424.71875,26341933886.1104,38560
5/10/2016,2678.5523,198321,79903125.65625,27701449553.18,40684
5/11/2016,2576.6882,200962,79934378.78125,31626825816.8184,40811
5/12/2016,2640.5013,204086,79966635.8125,39262539721.9513,45002
5/13/2016,2813.5085,206863,79998832.53125,43190009936.2212,47737
5/14/2016,2768.5727,209138,80030500.34375,35451335069.2125,45745
5/15/2016,2787.9132,211568,80062308.9375,31305207361.9246,43073
5/16/2016,2782.0494,213318,80093820.5,27598439816.8887,37424
5/17/2016,2777.3602,215820,80126012.6875,28466737377.3117,40309
5/18/2016,2893.0189,220927,80158417.0625,35070045109.6282,46033
5/19/2016,2959.2314,224845,80190320.65625,33144675121.7412,44523
5/20/2016,3019.804,230158,80222410.34375,38027969373.2348,45177
5/21/2016,3042.5019,234753,80254249.875,35799931136.8864,43621
5/22/2016,3034.0969,237169,80286506.125,28876089114.7671,38895
5/23/2016,3047.7928,239919,80318586.75,29634409335.1398,43806
5/24/2016,3097.5979,242437,80350590.03125,28595806683.2254,42911
5/25/2016,3126.5085,245842,80382947.0625,32733418165.1974,46443
5/26/2016,3161.323,248713,80414991.4375,35558395839.9495,51147
5/28/2016,3253.1913,261602,80447310.03125,80972786453.789,70148
5/27/2016,3175.1154,265876,80479631.75,37995661451.6885,49006
5/29/2016,3275.4294,269270,80511604.09375,38788722911.2442,45890
5/30/2016,3266.9893,271793,80543608.15625,31855746822.4425,42927
5/31/2016,3226.0808,274614,80575141.125,31154237675.1028,44386
6/1/2016,3170.4475,277124,80607285.34375,31200754211.332,42221
6/2/2016,3240.5703,279202,80639467.53125,25860107097.7042,39666
6/3/2016,3413.4593,281283,80671739.71875,25240089714.4033,39834
6/4/2016,3396.8318,283172,80703881.28125,24383532747.8438,37875
6/5/2016,3326.0748,285007,80735464.40625,23838806076.3986,37896
6/6/2016,3441.9709,287195,80767836.28125,25866186268.7805,38957
6/7/2016,3465.5588,293517,80799782.21875,67482112136.7682,46141
6/8/2016,3478.0667,295834,80832085.1875,28430812192.9275,40433
6/9/2016,3639.7054,298208,80864311.125,28894767011.9375,39854
6/10/2016,3424.0833,300769,80895475.34375,28896511606.8686,40145
6/11/2016,3555.18,303280,80927850.8125,27224630239.5875,36901
6/12/2016,3581.6422,306177,80960067.6875,29164100998.113,42581
6/13/2016,3714.9746,311130,80992291.90625,36906452815.4653,46185
6/14/2016,3749.449,315391,81024437.375,38469211435.8091,50335
6/15/2016,3718.5221,318367,81056304.40625,30456375914.5773,43251
6/16/2016,3717.1685,323909,81088182.0625,40815292250.5968,43392
6/17/2016,3864.3682,337984,81121598.46875,229306004249.127,66558
6/18/2016,3764.232,352687,81155985.65625,271194911213.586,63083
6/19/2016,3855.0105,359236,81189181.125,54127484677.5334,51035
6/20/2016,3814.1165,364968,81220895.96875,51767217706.2113,47118
6/21/2016,3755.1058,369392,81252884.40625,82844435130.1398,47323
6/22/2016,3914.4371,375128,81285555.03125,51445064165.3435,48615
6/24/2016,3987.4979,378933,81317726.90625,39426748173.3374,45331
6/23/2016,3993.7808,382466,81349575.03125,31978269688.4796,41908
6/25/2016,3971.3075,384815,81381260.96875,28301648221.3787,36684
6/26/2016,4090.5901,387234,81413575.65625,27467985790.3828,41613
6/27/2016,4165.2564,389903,81445670.5,27658056517.9782,39663
6/28/2016,4215.9351,393251,81477831.90625,32100177929.6892,43089
6/29/2016,4114.6487,396171,81509701.90625,56856452114.4463,49897
6/30/2016,4137.6421,398289,81541688,87887411162.619,63952
7/1/2016,4235.8486,401254,81574306.28125,45454096208.6442,40085
7/2/2016,4246.5515,403829,81606222.84375,24375605550.2745,39257
7/3/2016,4343.8485,407099,81638262.53125,30726876586.4136,39757
7/4/2016,4332.1514,409961,81670403.46875,26772880956.0903,39950
7/5/2016,4335.0033,413875,81701981.28125,30158881660.0628,39270
7/6/2016,4336.5273,416917,81734336.125,29692077315.5228,37900
7/7/2016,4320.9295,420028,81766232.0625,26613300448.324,40433
7/8/2016,4345.7744,423126,81798181.59375,39347483545.3302,42506
7/9/2016,4356.4367,427153,81830979.71875,49114684665.1364,40410
7/10/2016,4385.4846,430282,81862945.1875,27646053877.9715,39358
7/11/2016,4454.888,432814,81894930.5,28548693257.5698,38582
7/12/2016,4453.2789,436469,81926691.59375,32638639041.8507,40811
7/13/2016,4517.2296,439291,81958850.1875,24749750157.9735,35740
7/14/2016,4472.393,442427,81990660.96875,32409641880.6957,42809
7/15/2016,4402.0765,445925,82022545.65625,29146970369.0414,41110
7/16/2016,4426.8996,448149,82054716.125,23880860191.9603,38062
7/17/2016,4446.0043,449627,82086493.46875,19647012433.4559,33914
7/18/2016,4569.4936,452120,82118991.59375,25653265275.7006,39198
7/19/2016,4514.7929,455066,82150765.5,29217898571.946,44184
7/20/2016,4425.822,459828,82182680.34375,75585687674.8784,50631
7/21/2016,4602.5527,463245,82215464.09375,34210520717.1307,44882
7/22/2016,4434.4853,467682,82247154.71875,37417847605.8897,48458
7/23/2016,4619.5511,471467,82279549.71875,33056305196.8375,45006
7/24/2016,4498.6015,475286,82311025.96875,37346353490.0428,58215
7/25/2016,4353.0916,479819,82343017.53125,39430337707.0676,54856
7/26/2016,4147.0192,485119,82373795.03125,45488885084.8676,61930
7/27/2016,3975.9477,490249,82406732.84375,38240125606.4311,53035
7/28/2016,4230.6929,493294,82439087.0625,63951262384.6087,48555
7/29/2016,4137.8516,496589,82471026.4375,45682048274.6587,47243
7/30/2016,4057.8986,498814,82502668.15625,29990469208.6649,42011
7/31/2016,4120.2423,501305,82534887.6875,30371510899.954,48749
8/1/2016,4033.4068,503754,82566482.0625,30441802272.1291,45978
8/2/2016,3736.2769,507459,82597837.21875,33964003806.5688,49041
8/3/2016,3614.2588,510443,82629544.875,33026036095.4333,49475
8/4/2016,3936.9981,513258,82662397.6875,32411900469.7269,46761
8/5/2016,4031.1962,515463,82694629.71875,29404612597.0345,43212
8/6/2016,3924.4177,517347,82726219.5625,26054509040.8473,41487
8/7/2016,4058.0205,519108,82758510.65625,27696032432.607,42955
8/8/2016,4136.7742,521038,82790686.59375,53896575426.0211,42984
8/10/2016,4442.4061,523626,82822849.5625,33422242281.5354,46290
8/9/2016,4353.1675,526538,82855515.96875,31476820396.7212,47057
8/11/2016,4538.8823,529018,82887720.8125,32086721642.6822,48171
8/12/2016,4529.4509,531192,82919824.09375,30199866770.8684,44400
8/13/2016,4479.0387,532827,82951823,25077813847.1039,41088
8/14/2016,4488.9892,534412,82983791.90625,24198118880.8219,40577
8/15/2016,4512.4457,536080,83016120.8125,27155155556.4469,42302
8/16/2016,4623.2492,537798,83048158,31164284928.6751,48949
8/17/2016,4616.8304,539428,83080152.53125,28701739012.8353,44867
8/18/2016,4717.6488,541085,83112941.59375,36061490801.6769,47799
8/19/2016,4666.3602,542717,83144783,29832358749.6309,42948
8/20/2016,4807.7401,544620,83177018.625,26607695325.6667,41318
8/21/2016,4860.5322,546514,83209710.96875,29017442472.4332,42543
8/22/2016,4890.1286,548109,83242003.78125,29909456093.2328,44250
8/23/2016,4980.5674,550573,83274187.6875,72118570861.6431,48430
8/24/2016,4968.8061,552384,83306461.125,30003258780.4287,46821
8/25/2016,5076.846,554545,83338596.75,32482903928.1312,49868
8/26/2016,5242.0628,556489,83370468.15625,31575935947.8383,47292
8/27/2016,5241.1926,557883,83402774.5625,28579939237.6121,47938
8/28/2016,5174.1701,559482,83434802.53125,25727256715.3788,42607
8/29/2016,5110.3024,561294,83466728.9375,29406896677.4097,45510
8/30/2016,5104.6336,563151,83498603.78125,32246376594.3632,46979
8/31/2016,5212.9746,565136,83530738.3125,29997664256.2622,45846
9/1/2016,5264.4573,567294,83562483,31743655942.2128,47491
9/2/2016,5339.3071,569263,83594867.0625,45229877971.2311,55413
9/3/2016,5064.514,571037,83626363,27180749805.4059,44792
9/4/2016,4925.8701,572702,83658227.0625,49336067762.023,48128
9/5/2016,5116.8905,574371,83690416.75,28628867463.8285,42667
9/6/2016,5066.0973,576228,83722098.15625,33380266725.7535,49102
9/7/2016,5193.0105,577984,83754365.96875,34199424352.0396,48701
9/8/2016,5135.7331,579977,83786274.5625,41206539778.7186,55970
9/9/2016,5165.9252,582016,83818491.4375,41896879007.3671,53918
9/10/2016,5212.7523,583909,83850322.0625,27407063341.4672,42875
9/11/2016,5414.1144,585641,83882675.03125,28548045711.2391,43345
9/12/2016,5397.9619,588032,83914912.0625,35029999011.9455,45123
9/13/2016,5369.0839,589982,83946816.90625,30392171843.9243,42591
9/14/2016,5550.9528,591822,83979345.65625,36299358965.0574,53859
9/15/2016,5538.7187,593560,84011528.46875,36226955150.982,52622
9/16/2016,5504.7355,595415,84043767.53125,46932013647.1523,57532
9/17/2016,5705.4374,597259,84075922.53125,35281318150.2842,46882
9/18/2016,5038.1328,598924,84105496.4375,29645262398.3451,37893
9/19/2016,5155.0804,599907,84139773.3125,27617377710.5109,40505
9/20/2016,5747.8625,602298,84172265.8125,32825567598.9313,54067
9/21/2016,5918.6443,605237,84204349.5625,30172186063.8442,44549
9/22/2016,5443.359,606968,84235955.1875,63146131938.3375,52657
9/23/2016,5966.6603,608507,84270235.1875,49030931372.5715,35219
9/24/2016,5995.2836,610118,84303560.03125,71029474725.9812,43418
9/25/2016,6227.8531,612211,84337950.5,67140201093.6044,38713
9/26/2016,5867.8083,613935,84370081.28125,115639205560.857,43514
9/27/2016,6199.3892,615620,84405365.65625,98540752097.5099,46817
9/29/2016,6382.9672,618271,84437679.09375,41279258006.0371,40416
9/28/2016,6242.7931,620099,84470082.53125,68132691127.3731,42797
9/30/2016,6211.6467,622544,84501705.8125,40259026793.6239,35836
10/1/2016,6435.5312,624508,84536184.40625,91389499897.9849,53076
10/2/2016,6609.1126,627061,84571945.1875,87475216665.9603,51105
10/3/2016,6480.4953,629658,84605219.71875,65927532636.905,47672
10/4/2016,6618.6976,653826,84637271.125,85367792949.6444,56662
10/5/2016,6594.0094,656302,84670352.6875,64165744488.1471,41719
10/6/2016,6644.5921,659011,84703194.5625,50258108900.5446,36826
10/7/2016,6417.1224,661379,84739746.4375,53569770251.3532,43708
10/8/2016,6698.4587,664537,84775841.125,56380561903.4818,37690
10/9/2016,6812.7671,667329,84809266.75,60023570060.5686,43940
10/10/2016,6857.1214,686320,84842397.6875,54636689680.2948,44940
10/11/2016,6937.1736,692167,84874877.21875,39198654612.3736,41053
10/12/2016,6700.3711,700440,84907969.875,44186463139.0764,30002
10/13/2016,6965.8669,716073,84942796.125,112658501136.159,32244
10/14/2016,7226.2037,728429,84975709.875,75246620265.022,42006
10/15/2016,7301.6059,731881,85007917.0625,69082723000.0728,33662
10/16/2016,7491.1701,736985,85040847.375,66997100411.5598,34990
10/17/2016,7121.9336,741716,85073225.1875,71539503368.2853,38136
10/18/2016,7396.8799,746368,85106545.5,96863274723.5745,51898
10/19/2016,7431.3973,747915,85139695.1875,92764121622.8226,38497
10/20/2016,7670.915,749504,85174224.25,54944965621.8891,43438
10/21/2016,7757.4499,751013,85206351.125,41964566912.9871,57780
10/22/2016,7767.7022,752751,85238053.78125,27659672600.3774,37772
10/23/2016,7558.2757,754105,85269385.65625,26363036841.7968,35364
10/24/2016,7712.7627,755748,85301447.53125,48590630046.0225,52547
10/25/2016,7817.4541,758849,85333112.0625,43196156298.4861,47610
10/26/2016,7897.5795,760844,85365068.9375,35289184982.6935,45158
10/27/2016,7754.9282,762714,85396513.9375,33344290945.1227,44353
10/28/2016,7447.6341,765038,85427593,35892081342.1963,41522
10/29/2016,5933.8419,766865,85457222.53125,31122481768.926,40011
10/30/2016,5768.4023,768687,85489183,30591477670.5351,39435
10/31/2016,6170.1936,770540,85521204.25,33414825530.3579,45031
11/1/2016,5264.4502,772838,85551702.6875,41192685889.8139,49025
11/2/2016,4743.8178,777832,85582844.71875,29197535737.1746,43519
11/3/2016,4528.1677,779820,85614060.65625,29703140267.9344,42346
11/4/2016,4164.5726,781449,85644984.25,21701363740.6155,32572
11/5/2016,3926.9146,782988,85676408.78125,24598063675.7171,37690
11/6/2016,3870.5255,784678,85708208.9375,23282718881.161,34391
11/7/2016,4601.8022,786489,85741468,29029823132.2277,41941
11/8/2016,5126.5784,788550,85773795.1875,31468343128.7743,41569
11/9/2016,5000.396,791024,85804797.53125,34985425585.9075,40517
11/10/2016,4596.517,793001,85836008.3125,35377435568.1501,40164
11/11/2016,4470.7243,795241,85867347.6875,44235781586.002,41070
11/12/2016,4555.873,797064,85899297.6875,30717758394.736,40882
11/13/2016,4937.128,799460,85931721.90625,33926470962.0637,43673
11/15/2016,5155.4629,801577,85963158.9375,37027398102.2188,45330
11/14/2016,5122.3997,803432,85995043.15625,38314562568.4881,43876
11/16/2016,5050.1138,805304,86026624.5625,34924240184.0095,41684
11/17/2016,4838.0854,807112,86057433.15625,30428800013.6977,40738
11/18/2016,5193.5489,809162,86090533.9375,34701169488.0844,43785
11/19/2016,5480.2832,810733,86122865.03125,27900216826.0743,39289
11/20/2016,5987.5706,812403,86155325.1875,32596468833.0221,42125
11/21/2016,6324.9229,814569,86187136.75,35251511680.6595,42735
11/22/2016,5955.0846,816176,86218314.25,38094845805.4467,53585
11/23/2016,5908.0341,817840,86250939.875,82229077971.2923,64289
11/24/2016,5287.2911,819485,86283337.53125,58893292411.1899,36861
11/25/2016,5301.8374,840006,86316772.375,59809748043.8427,58075
11/26/2016,5364.8074,843172,86349268.3125,72598881230.5288,40804
11/27/2016,5348.1061,845997,86382979.40625,114916050187.408,44449
11/28/2016,5544.287,847709,86416919.25,122219275573.19,48388
11/29/2016,5456.127,849474,86449890.34375,101589444818.714,47036
11/30/2016,5209.9548,851332,86481730.34375,35319840146.8688,39178
12/1/2016,5268.3704,852988,86513478.625,27223136520.0902,37121
12/2/2016,5341.6121,856233,86545275.03125,28081757219.8064,41642
12/3/2016,5614.5189,862630,86577391.4375,25910085196.6397,41357
12/4/2016,5551.9253,868190,86608563.9375,26259067852.2622,39643
12/5/2016,5409.3217,874903,86639798.625,31260227778.6878,41613
12/6/2016,5367.7479,877485,86671774.25,34724190362.2023,48200
12/7/2016,5496.8057,879373,86703484.875,34986830893.401,41757
12/8/2016,5783.3873,881066,86735578.9375,792488980472.848,39587
12/9/2016,5914.8346,882875,86767239.5625,31427944831.705,41444
12/10/2016,6040.1544,886258,86798915.96875,29027316459.7107,40564
12/11/2016,6204.02,888937,86830698,36802824752.3622,39164
12/12/2016,5975.0517,890669,86862037.375,31236666299.9792,38741
12/13/2016,6168.728,892266,86893847.375,30964451383.76,44664
12/14/2016,6132.4685,895504,86925697.84375,34886653378.9224,47294
12/15/2016,6097.3583,899270,86957065.65625,34427867607.1649,46102
12/16/2016,6290.8766,901155,86988822.0625,30594388154.5571,43953
12/17/2016,6370.3847,904251,87020784.40625,32801700786.1914,39442
12/18/2016,6594.1816,906316,87052676.90625,27723246559.8951,36640
12/19/2016,6588.4056,908427,87084147.375,36451357768.9736,45599
12/20/2016,6748.3212,910765,87115816.28125,43901597465.3346,44241
12/21/2016,6696.8063,912667,87147409.25,54747365402.6738,50793
12/22/2016,6475.333,921440,87178483.3125,38844405597.4809,55173
12/23/2016,6022.6423,925590,87209600.65625,29673669189.6336,44391
12/24/2016,5671.6635,927358,87240927.53125,25817525349.0921,37757
12/25/2016,5939.9539,928670,87272935.96875,24217901540.0177,36601
12/26/2016,6147.6001,930087,87304580.65625,23120413010.2328,34565
12/27/2016,5943.6228,931796,87335807.21875,36398134576.4551,42370
12/28/2016,5906.9011,933815,87367378.625,31575304426.5888,43386
12/29/2016,5885.5378,936427,87399197.375,40700293206.4589,46546
12/30/2016,5892.7281,938850,87430878.9375,44810910765.7264,44561
12/31/2016,5957.5536,941811,87462107.0625,28598800805.7117,41220
1/1/2017,5962.5576,943417,87493855.34375,25262224854.177,38730
1/2/2017,5979.936,945665,87525386.125,28118341055.5294,39652
1/3/2017,5984.9265,948326,87556909.40625,40245343098.6876,45883
1/4/2017,6603.4409,951853,87589008.9375,39504583436.606,50673
1/5/2017,6748.8433,955172,87620825.96875,34857577903.4887,49596
1/6/2017,6783.5835,958484,87652185.5,31319076402.2956,43804
1/7/2017,7025.7055,961114,87684080.5,30184494073.7813,43622
1/8/2017,7052.8143,963314,87715764.875,33024227832.0905,42727
1/9/2017,7281.103,965736,87747515.1875,35919169690.0707,46188
1/10/2017,7283.0151,968054,87778864.5625,38709404013.8812,48179
1/11/2017,7356.4905,970329,87810387.53125,34634134307.2479,45221
1/12/2017,7432.253,973959,87841944.25,37083060660.7547,50589
1/13/2017,7568.8324,977582,87873674.5625,35782731983.7135,50833
1/14/2017,7587.9426,981025,87905152.6875,28739323359.4161,42044
1/15/2017,7741.9086,983455,87936854.71875,29981494275.9677,41748
1/16/2017,7735.3142,985864,87968395.03125,32523713407.2453,45375
1/17/2017,7657.6882,988571,87999691.125,39422370215.0306,46671
1/18/2017,7592.5237,991171,88031299.09375,33984213641.5776,44994
1/19/2017,8114.4421,993689,88063420.1875,31295282022.1098,43628
1/20/2017,7838.6452,996812,88094541.28125,33647780082.0626,45775
1/21/2017,8044.0736,999192,88126065.03125,30663926862.2891,43302
1/22/2017,8083.9775,1001830,88157642.84375,35768655611.0727,47432
1/23/2017,8232.8818,1004532,88189141.28125,35018861180.1047,46076
1/24/2017,8124.3364,1006944,88220561.75,41164260408.6308,50414
1/25/2017,8145.8979,1009369,88251985.34375,37756706335.7689,46256
1/26/2017,8367.5758,1012519,88283770.03125,36459947636.4609,46856
1/27/2017,8244.2883,1014907,88314884.875,35349428697.3526,46680
1/28/2017,8279.3794,1017588,88346412.84375,33345009009.8169,45189
1/29/2017,8111.2062,1019716,88377545.96875,30618545932.1584,42509
1/30/2017,8348.0885,1022347,88409461.28125,32792538455.8097,45369
1/31/2017,8339.12,1024108,88440875.1875,32009038231.7656,43649
2/1/2017,8226.0029,1026094,88472207.375,38115541106.2726,44541
2/2/2017,8407.2648,1028070,88503622.21875,35459397355.3053,43709
2/3/2017,8271.9789,1029880,88534895.5,34059355115.1804,42778
2/4/2017,8427.7058,1032097,88566656.28125,32971661726.656,45410
2/5/2017,8773.2937,1033882,88598257.84375,34840821328.8304,46542
2/6/2017,8877.6557,1035599,88629881.4375,35865613624.2371,47306
2/7/2017,8865.7805,1037811,88661372.84375,46068715002.6698,51866
2/8/2017,8981.8497,1040358,88693080.8125,43713741651.0809,51089
2/9/2017,8947.4759,1042268,88724508,40681621672.1731,47873
2/10/2017,9217.8017,1044332,88756004.40625,46219403549.4742,52222
2/11/2017,9275.2906,1046267,88787594.25,38495933170.7035,46560
2/12/2017,9392.2664,1048901,88819163.9375,40336776565.1195,45319
2/13/2017,9522.8756,1051104,88850898,61463154387.1934,55990
2/14/2017,9629.3742,1053923,88882368.9375,49832184354.2363,58298
2/15/2017,9674.344,1056702,88914090.34375,90527761018.2308,55320
2/16/2017,9633.6869,1058825,88945630.1875,39211240292.9906,49674
2/17/2017,9813.818,1060926,88976958,38846674057.1946,49406
2/18/2017,9910.4307,1063883,89008169.71875,44652698925.7981,49398
2/19/2017,10076.9868,1065920,89039436.90625,36312674289.6657,48227
2/20/2017,10118.1204,1068400,89070824.71875,41034467994.639,50152
2/21/2017,10342.9777,1071424,89102241.59375,54865479665.3129,58434
2/22/2017,10225.688,1073757,89133228.9375,50954347613.8885,50372
2/23/2017,10249.8892,1076071,89164458.46875,43352493041.9664,47601
2/24/2017,10300.807,1078758,89195722.0625,41339238137.7706,54081
2/25/2017,10613.2667,1081093,89227275.96875,44662422324.2511,53245
2/26/2017,11038.1733,1083604,89259096.125,39379004377.986,51716
2/27/2017,11078.6475,1086792,89290342.53125,45027386000.7031,52642
2/28/2017,11579.116,1091303,89322198.625,50962691423.4191,60277
3/1/2017,11193.1403,1098329,89353343.46875,54942971648.872,59774
3/2/2017,11369.6535,1104821,89384974.40625,54862694242.967,70779
3/3/2017,11791.9899,1111646,89416273.3125,46403122802.1552,64294
3/4/2017,11641.3951,1115958,89447445.96875,42519420519.2714,58756
3/5/2017,12169.6377,1120047,89479007.84375,43438703490.2262,57031
3/6/2017,12202.0077,1124705,89510160.96875,41351692018.4805,57020
3/7/2017,12126.1529,1128534,89541229.71875,43802708615.8884,62589
3/8/2017,12566.0974,1132810,89572555.65625,40317484090.895,55386
3/9/2017,12593.1903,1139420,89603365.1875,49768597101.7682,64266
3/10/2017,12622.6645,1145555,89634392.21875,55572756428.2456,65132
3/11/2017,12870.7578,1151496,89665627.6875,47961429061.199,64803
3/12/2017,12911.1921,1158864,89696477.21875,48529026723.026,66646
3/13/2017,13434.1504,1170758,89728090.96875,76362749610.9589,81718
3/14/2017,13255.2329,1180408,89759305.8125,74822605774.3973,77155
3/15/2017,13628.7396,1190919,89790683.46875,64307989531.2056,81205
3/16/2017,13794.9629,1208579,89822111.4375,85398885983.4259,109950
3/17/2017,14518.7852,1224321,89853953.3125,88966202597.59,106635
3/18/2017,14696.5419,1236276,89885435.65625,60519844564.4298,89920
3/19/2017,13915.1809,1244923,89916430.1875,57003510352.6754,84599
3/20/2017,14863.3155,1254137,89948100.5,56949211838.8919,80264
3/21/2017,14561.0448,1264243,89979116.90625,64218718934.2159,84298
3/22/2017,14914.7357,1272509,90010489.25,60196470444.0935,78821
3/23/2017,15425.4361,1280501,90041470.1875,60999082037.6295,82434
3/24/2017,15334.1063,1291931,90072311.125,73289017898.364,87775
3/25/2017,15439.4585,1301464,90103373.9375,58092453009.4881,84394
3/26/2017,16219.4936,1308803,90134549.40625,58104728576.0663,79534
3/27/2017,16894.3097,1320623,90165551.59375,77739246066.6753,94570
3/28/2017,16458.957,1329617,90196107.0625,63882073242.7307,84348
3/29/2017,17141.823,1338529,90227375.34375,69324984414.4547,93064
3/30/2017,17183.9723,1352837,90258195.1875,71105132156.7618,96209
3/31/2017,17643.5302,1367188,90289403.46875,77400676527.5412,103102
4/1/2017,17342.0731,1374894,90320254.40625,57222881358.6145,80572
4/2/2017,17320.8014,1385185,90350695.1875,66267082119.486,88948
4/3/2017,16564.8723,1398126,90381881.4375,74784457554.7533,100221
4/4/2017,17593.0096,1408346,90412936.75,64979850017.9551,86279
4/5/2017,18094.6996,1418641,90444172.0625,68312686048.5851,87411
4/6/2017,17967.3505,1432417,90474896.4375,73388622888.9011,95177
4/7/2017,18253.0325,1440597,90505970.96875,72418987716.1621,92846
4/8/2017,18340.2159,1447313,90536886.59375,52327124252.7176,72144
4/9/2017,18009.4232,1453300,90567128.625,56805678809.2695,74557
4/10/2017,18072.1973,1460327,90597165.8125,63038607924.1591,75487
4/11/2017,18671.3934,1466464,90627616.28125,58915272174.2601,75891
4/12/2017,18555.8787,1476683,90657833.3125,80688959257.1846,80347
4/13/2017,18205.074,1485120,90688173.15625,61658463320.2479,84124
4/14/2017,19833.812,1492214,90719162.84375,62896440047.9704,81155
4/15/2017,19260.1407,1498803,90749160.96875,57805251362.1896,74820
4/16/2017,19591.7831,1503386,90779668.15625,55117695420.3049,70634
4/17/2017,19889.9768,1509763,90810315.65625,60473297243.1175,72546
4/18/2017,20302.3049,1518090,90840832.375,73744781757.9827,83303
4/19/2017,20078.8856,1526805,90870444.5625,78396484540.5165,85734
4/20/2017,20288.8866,1536829,90900866.75,71792773958.4711,85450
4/21/2017,20805.2888,1548026,90931344.09375,92197365095.7483,81278
4/22/2017,20900.958,1555797,90961334.40625,74920144056.746,73539
4/23/2017,21389.0055,1562427,90991825.65625,65089201817.9342,77073
4/24/2017,20664.8066,1572073,91021611.125,72979824474.2336,80531
4/25/2017,21582.4498,1580035,91052368.9375,78574204734.1499,93033
4/26/2017,21292.624,1596565,91081701.125,74789723863.1466,89642
4/27/2017,21617.4059,1612349,91111031.125,87312690911.7983,104494
4/28/2017,22951.0371,1624667,91140713.15625,79205968406.8147,106193
4/29/2017,23467.3816,1635440,91169930.8125,70202685796.3096,91335
4/30/2017,22938.2706,1647543,91199299.40625,78958630274.4099,95202
5/1/2017,23205.2792,1663543,91228656.90625,105538214140.903,112202
5/2/2017,23246.7388,1678680,91258093.3125,112734602650.156,110354
5/3/2017,23614.2464,1690254,91287645.96875,77313506087.3783,97334
5/4/2017,23265.2011,1708629,91317072.53125,92430339962.1889,114877
5/5/2017,24468.9937,1724130,91346771.4375,84353306060.9471,108514
5/6/2017,24415.8585,1739516,91376474.875,84364146387.4504,95014
5/7/2017,24862.0244,1758488,91406355.03125,105733505802.464,106631
5/8/2017,24481.3196,1777158,91435780.96875,95605963950.4976,117509
5/9/2017,25606.8006,1797526,91465535.96875,106666628386.381,112933
5/10/2017,25352.2733,1817872,91495150.8125,104904536928.795,109673
5/11/2017,25792.7606,1837631,91524885.34375,109393380226.517,117189
5/12/2017,26696.7857,1853657,91554775.03125,109060373521.815,107241
5/13/2017,26056.3076,1867571,91584028.3125,106923588255.084,101332
5/14/2017,26882.1696,1881351,91612245.8125,106379136617.49,101348
5/15/2017,27814.0407,1899209,91640708.15625,132123398807.998,122792
5/16/2017,28230.111,1919681,91669426.125,137143767603.647,116341
5/17/2017,26762.9284,1942480,91697325.03125,220219437190.224,140135
5/18/2017,27740.2141,1964727,91725805.8125,158498593266.697,137409
5/19/2017,28816.636,1993428,91754187.0625,173985855405.999,161568
5/20/2017,29609.4667,2017264,91782839.09375,155579769682.161,130912
5/21/2017,30501.1451,2041878,91811493.15625,160523136917.678,149699
5/22/2017,31382.7051,2074888,91840262.375,182632419995.022,176255
5/23/2017,30236.4543,2119587,91868838.46875,253728642190.641,187121
5/24/2017,30975.705,2162097,91897482.84375,272090679309.925,187293
5/25/2017,31139.2104,2201139,91926318,218689885039.394,183010
5/26/2017,31197.0515,2235403,91955285.5,206055826499.097,169818
5/27/2017,32153.7231,2262189,91984057.21875,182127259991.398,149450
5/28/2017,31940.9693,2288310,92012880.5,192525514182.496,155271
5/29/2017,34015.7294,2316858,92042417.84375,192624558129.616,158547
5/30/2017,36263.7391,2360680,92072237.21875,319925871867.21,193618
5/31/2017,35309.9381,2406002,92100985.65625,634072177123.385,214126
6/1/2017,37244.2449,2445012,92129055.03125,253293470844.35,199160
6/2/2017,36298.9273,2486438,92155875.65625,291597841473.762,194911
6/3/2017,37390.2818,2521601,92183405.8125,228134695773.494,175666
6/4/2017,38378.7011,2557692,92210634.5625,255713870927.989,180136
6/5/2017,39283.0384,2595526,92238426.90625,219924346992.173,190305
6/6/2017,39838.9042,2638490,92265908.15625,265075762618.002,200523
6/7/2017,41466.1245,2682778,92293678.9375,277963468698.832,207180
6/8/2017,41827.9352,2720240,92321310.1875,239515279974.747,187700
6/9/2017,41762.2012,2760852,92348960.1875,250508480829.36,215831
6/10/2017,43934.269,2804195,92377118.9375,214559641123.816,213356
6/11/2017,45025.9063,2859713,92405045.65625,313877609552.976,240490
6/12/2017,44971.345,2919025,92433146.28125,512809391033.716,292941
6/13/2017,46524.8904,2978427,92461422.375,294642099271.721,280054
6/14/2017,47653.2451,3031828,92489691.125,254758374393.437,250410
6/15/2017,48524.7456,3084273,92517889.875,279620592390.912,261617
6/16/2017,49363.4715,3132387,92546260.8125,257508486546.679,248003
6/17/2017,50988.985,3178828,92574559.875,238660364103.388,242022
6/18/2017,51996.5122,3231660,92603147.375,251896899621.616,245957
6/19/2017,52568.3389,3292231,92631780.34375,283021105675.981,286209
6/20/2017,53605.3273,3354447,92658489.71875,720031462996.84,308488
6/21/2017,54107.974,3386889,92684640.5,913388218754.613,221289
6/22/2017,54738.2538,3442987,92711173.78125,684943045550.363,284225
6/23/2017,54340.7602,3499011,92737276.28125,469929450422.587,276012
6/24/2017,55696.7824,3549828,92763771.28125,640185604612.802,250570
6/25/2017,56394.2575,3593921,92790154.40625,411721489721.117,231135
6/26/2017,58414.4698,3646944,92816853.46875,875310976343.044,316788
6/27/2017,58319.7387,3688934,92843435.8125,332032513046.043,252995
6/28/2017,59928.6376,3739249,92870078.46875,773236091502.308,274241
6/29/2017,61553.5382,3787958,92897087.375,466282393834.282,263791
6/30/2017,61650.5709,3835524,92923943.625,352344502266.065,252652
7/1/2017,62556.7775,3871530,92950626.75,315744643169.713,240465
7/2/2017,63113.6089,3905337,92977339.09375,317468243775.909,248617
7/3/2017,64997.08,3960081,93004470.34375,425920316211.609,302032
7/4/2017,66569.3952,4010868,93031836.125,377047005195.524,281465
7/5/2017,64822.7346,4053898,93058596.4375,409090970890.428,271606
7/6/2017,65978.5137,4089182,93085523,304771433494.259,258791
7/7/2017,67085.5686,4131556,93112810.96875,356293806920.488,295389
7/8/2017,67464.2959,4169731,93139877.375,360274207471.173,248142
7/9/2017,68072.3545,4199674,93166818.15625,256112816521.956,225189
7/10/2017,69107.6248,4236883,93191251.75,261598672523.811,302633
7/11/2017,68636.1856,4279139,93215219.875,287290319403.812,291677
7/12/2017,66929.7884,4320310,93239157.84375,330334228770.205,283828
7/13/2017,67583.3821,4368629,93262929.40625,327421879889.75,260745
7/14/2017,66162.8973,4400742,93286700.65625,275880608775.513,249381
7/15/2017,68590.0251,4428324,93310853,288040626935.105,231961
7/16/2017,70207.4606,4460257,93334862.6875,276731320514.844,249138
7/17/2017,66693.2842,4498727,93358380.96875,281509048416.621,248473
7/18/2017,68408.1739,4548962,93382331.28125,423677942917.871,271055
7/19/2017,71183.4584,4584881,93406814.875,324838750477.733,270122
7/20/2017,73430.2935,4626800,93431307.6875,256133190043.82,250065
7/21/2017,73178.0557,4665313,93455149.875,309641556641.904,232560
7/22/2017,72967.3365,4692029,93479457.21875,224825603323.107,205574
7/23/2017,75690.2025,4728803,93503940.5,288493997715.789,260490
7/24/2017,73612.8357,4766918,93527999.40625,309440275124.323,263095
7/25/2017,77165.6725,4807986,93552692.0625,355486137729.586,242956
7/26/2017,76836.4143,4842532,93577207.0625,294383920628.616,223010
7/27/2017,75616.4916,4872429,93601559.71875,263944245322.021,225435
7/28/2017,77536.4097,4903853,93626244.875,281982289906.32,246494
7/29/2017,76584.8357,4930947,93650737.375,204174934595.232,198773
7/30/2017,79028.534,4974090,93675455.03125,208036715301.278,206624
7/31/2017,80870.2609,5010515,93699513.625,231201083913.724,250090
8/1/2017,80820.0069,5049868,93720934.09375,263599401863.207,218582
8/2/2017,79694.0246,5088235,93742069.40625,236995421936.535,231068
8/3/2017,76659.268,5129817,93763035.8125,236502808745.259,236335
8/4/2017,79754.3216,5169164,93784340.8125,220028357885.088,257160
8/5/2017,78990.8015,5207095,93805528.625,236076708761.946,261400
8/6/2017,80020.6258,5250459,93826794.25,244978437283.443,265127
8/7/2017,82348.3479,5302339,93848415.8125,323349086525.578,281172
8/8/2017,83308.9277,5357059,93870051.125,339083820207.352,318866
8/9/2017,84931.897,5409615,93891780.5,268527475016.346,280308
8/10/2017,83442.1715,5469308,93913244.25,313147657539.912,338241
8/11/2017,84627.2607,5529892,93935146.28125,354162104364.81,356682
8/12/2017,87270.9302,5585573,93957067.21875,344986095505.773,338654
8/13/2017,87653.9263,5647075,93979101.90625,304640582603.319,333011
8/14/2017,89584.3061,5725888,94001140.03125,345515738014.742,410061
8/15/2017,90812.4199,5810917,94023364.40625,383745249085.416,413246
8/16/2017,91289.1473,5866922,94045930.1875,1168463266334.639,413624
8/17/2017,92534.9297,5934207,94068463.15625,690546642141.73,428007
8/18/2017,91777.3051,6004737,94090773.625,1018695224863.61,443356
8/19/2017,95425.5042,6067912,94113338,471918343256.438,377418
8/20/2017,93281.2322,6127189,94135470.5,293147791082.708,309926
8/21/2017,95741.8313,6186106,94158216.28125,329868824320.953,392880
8/22/2017,95942.1567,6252808,94180738.9375,325350122318.11,364727
8/23/2017,98296.3711,6322823,94203348.9375,315881361228.439,374711
8/24/2017,97228.3329,6375451,94225880.65625,322859895183.155,352465
8/25/2017,95339.2953,6425907,94244701.4375,310136759482.145,352621
8/26/2017,95944.7226,6471420,94263267.21875,297916682977.334,306268
8/27/2017,95506.9876,6521068,94281902.6875,275335440066.792,324173
8/28/2017,92566.5693,6574380,94300328.15625,323120549329.009,363799
8/29/2017,99235.369,6636587,94319408.3125,516170615619.648,394649
8/30/2017,99678.7102,6703644,94338352.21875,433380111261.617,400220
8/31/2017,97955.4642,6771516,94357118.3125,737552600750.383,384421
9/1/2017,98985.3654,6837885,94375947.6875,515416187021.54,390997
9/2/2017,98883.0465,6892287,94394795.8125,613662115947.221,331797
9/3/2017,98450.1542,6941689,94413437.84375,296684543722.556,302525
9/4/2017,99991.3961,7004719,94432358.9375,487767496108.772,442592
9/5/2017,100474.3339,7067974,94451460.1875,615809001055.405,444572
9/6/2017,99614.2702,7136790,94470348.46875,770277418637.856,496376
9/7/2017,101735.9047,7201288,94489481.125,734239584314.302,448347
9/8/2017,106728.0408,7267913,94508748.3125,758749006955.943,463670
9/9/2017,104087.0767,7329084,94527784.09375,441035120382.979,383654
9/10/2017,102462.2609,7379849,94546772.84375,413297569259.006,325128
9/11/2017,102521.0502,7444820,94565618.9375,393332823000.431,365384
9/12/2017,108070.1938,7508515,94584931.4375,519977466207.659,404898
9/13/2017,103537.1178,7563718,94603829.71875,463058657601.602,365679
9/14/2017,105590.7742,7618435,94623119.40625,408768329593.546,380251
9/15/2017,109240.2979,7679736,94642655.8125,636971536778.819,441767
9/16/2017,107169.6341,7729925,94661993.78125,660859549314.408,373764
9/17/2017,108004.7306,7772453,94681215.8125,371183068103.848,289517
9/18/2017,105851.5969,7822945,94700280.8125,403163138029.644,362764
9/19/2017,108650.3899,7878304,94719653.78125,385073423359.178,337752
9/20/2017,107391.0713,7943832,94738835.8125,656834640397.106,324984
9/21/2017,109411.54,8006858,94758172.21875,325903199025.54,317074
9/22/2017,108415.5019,8042491,94773915.8125,306112519401.891,271470
9/23/2017,103936.501,8078626,94788921.59375,315524338577.303,260107
9/24/2017,106744.3503,8112522,94804383,440089694340.212,280929
9/25/2017,101530.2447,8153119,94819257.375,383148272059.299,306614
9/26/2017,102987.1868,8211953,94834464.25,385775178878.301,306075
9/27/2017,105672.8117,8269803,94849875.34375,422710363398.753,309047
9/28/2017,101865.3038,8323753,94864873.3125,370160472356.163,329208
9/29/2017,97747.1226,8364828,94879725.8125,330886157979.594,326502
9/30/2017,97246.8496,8406110,94894657.21875,371957481380.513,295798
10/1/2017,101856.5841,8439924,94909789.875,358613329436.254,283871
10/2/2017,101498.7153,8487975,94924879.09375,356930578828.196,306095
10/3/2017,101330.3025,8537491,94940057.53125,381246395654.146,327906
10/4/2017,104322.349,8583378,94955375.96875,385387152162.938,307399
10/5/2017,107720.1602,8622252,94970853,418983077851.95,314808
10/6/2017,102813.1953,8660904,94985877.0625,437255331091.613,319882
10/7/2017,100704.8489,8696647,95000892.21875,316276345068.357,291091
10/8/2017,104067.9114,8738451,95016091.75,357347800341.583,296829
10/9/2017,104686.6792,8791812,95031300.5,379844761748.673,328172
10/10/2017,106119.6349,8837358,95046784.875,417793497545.714,349605
10/11/2017,109279.7021,8880536,95062284.71875,938415100756.44,344305
10/12/2017,105449.0222,8930073,95077676.28125,421957034378.931,363411
10/13/2017,110049.5848,8982527,95093113.46875,474904048256.686,379136
10/14/2017,105135.748,9026250,95108431.28125,398049613885.228,332169
10/15/2017,108556.0976,9075349,95124011.4375,386388929966.351,328921
10/16/2017,112491.5255,9135201,95140181,337116475117.612,408297
10/17/2017,114496.653,9195945,95160328.25,322847244140.186,505611
10/18/2017,113792.9401,9250984,95180705.65625,299370944841.425,470449
10/19/2017,117973.6768,9320260,95201131.8125,283929624900.779,494184
10/20/2017,117268.4555,9391327,95221606.8125,491672418413.769,546837
10/21/2017,116687.3756,9450402,95241750.03125,230098011400.131,462902
10/22/2017,118870.2012,9508412,95262134.28125,196134800566.113,435493
10/23/2017,117763.0093,9581597,95282604.6875,269725566031.986,468168
10/24/2017,121642.1225,9668925,95303134.15625,357095144057.03,492288
10/25/2017,118684.8641,9742825,95323352.375,290665881547.284,460419
10/26/2017,114761.8238,9815741,95343550.53125,275041131001.19,466406
10/27/2017,117091.7153,9877222,95364021.78125,297455543733.302,486147
10/28/2017,118629.8189,9919259,95384467.15625,241167628141.157,484554
10/29/2017,117105.7539,9962016,95404755.96875,242546692538.61,494176
10/30/2017,115204.0015,10016332,95424854.5625,295610197213.806,532626
10/31/2017,119297.9707,10090762,95445491,330604031180.158,519906
11/1/2017,120477.0125,10170977,95465719.34375,370465694941.202,527783
11/2/2017,115774.5028,10265149,95486016.125,373864831846.244,529277
11/3/2017,113706.9239,10334844,95506325.5625,278695734082.72,485790
11/4/2017,111929.8264,10389337,95526513.875,212077525073.945,398758
11/5/2017,117028.67,10440241,95547106.34375,199749040549.873,417102
11/6/2017,114621.414,10503649,95567346.96875,268798303897.472,511663
11/7/2017,113925.2212,10557839,95587760.75,315044497913.178,470418
11/8/2017,116144.1465,10631410,95608013.65625,379928853676.413,480413
11/9/2017,114107.822,10737345,95628326.75,324913774650.555,467172
11/10/2017,115773.7593,10833256,95648853.59375,291688738911.173,457427
11/11/2017,115718.414,10910568,95669271.875,232953762073.344,394378
11/12/2017,118263.4894,10997046,95689482.59375,297799562429.251,434380
11/13/2017,117469.6839,11079264,95709903.78125,309385435142.585,443176
11/14/2017,114709.874,11161837,95729953.8125,335979527230.492,475984
11/15/2017,115382.9053,11266683,95750447.375,412662550358.806,540593
11/16/2017,111657.6225,11364268,95770669.90625,353507082797.256,491482
11/17/2017,112630.8165,11464078,95791033.90625,373486764295.05,508590
11/18/2017,111516.8425,11538878,95811365.84375,255609620533.127,459679
11/19/2017,112980.6417,11608818,95831788.625,282287107555.64,464563
11/20/2017,120188.5528,11684803,95852196.96875,371508144057.565,530141
11/21/2017,118772.9291,11772235,95872590.96875,363885755271.038,524044
11/22/2017,118382.3196,11857891,95893095.40625,365489233899.613,546489
11/23/2017,122161.9842,11944929,95913442.8125,363134860953.735,537068
11/24/2017,124844.7158,12032606,95933855.9375,312003080397.652,525529
11/25/2017,125309.3717,12117975,95954171,289454952242.473,561166
11/26/2017,125187.293,12206781,95974531.8125,355108567824.283,542484
11/27/2017,123438.9985,12307159,95994803.5625,369147153812.365,608695
11/28/2017,121376.5047,12432637,96015113.1875,423203743142.496,638989
11/29/2017,123404.9935,12552695,96035538.21875,444283457464.524,663579
11/30/2017,124830.2891,12661777,96055954.34375,423152742251.987,655457
12/1/2017,125492.702,12765900,96076431.03125,416073298110.365,622720
12/2/2017,125605.2762,12861547,96096636.21875,344504596509.461,627785
12/3/2017,121828.5383,12965590,96116972.75,407152401006.738,693808
12/4/2017,125869.5928,13091051,96137400.96875,804106265031.308,701834
12/5/2017,123432.1491,13208395,96158037.78125,1183244508785.511,693090
12/6/2017,123628.5175,13403976,96178679,1540650625445.08,791746
12/7/2017,125209.8857,13563836,96199585.25,2239289048257.42,659068
12/11/2017,128336.6496,13685739,96219914.75,1531823683897.43,828899
12/12/2017,128931.8969,13835239,96240488.28125,1559061195386.161,872340
12/13/2017,134096.1365,14031511,96261094.625,1445285300110.46,909631
12/14/2017,137629.7703,14252053,96281880.03125,1714108152765.14,942559
12/15/2017,143758.2604,14448281,96302709.875,1455136989419.77,904346
12/16/2017,141945.8652,14626324,96323094.125,1468251250874.39,899857
12/17/2017,142954.4584,14830225,96343439.1875,1172634385789.493,876574
12/18/2017,147283.4924,15048543,96364002.78125,1161928901998.86,984021
12/19/2017,144785.8066,15279164,96384632.28125,1487482223271.25,1092234
12/20/2017,143787.1073,15516708,96405263.65625,1731489837131.82,986104
12/21/2017,143918.9673,15776743,96425678.46875,1760206790598.99,1072665
12/22/2017,143237.655,16028810,96446249.75,1640148074105.19,1103523
12/23/2017,149570.4924,16225562,96467085.03125,1207059669915.192,918881
12/24/2017,148933.7151,16369637,96487589.1875,1024106049881.33,758234
12/25/2017,150660.6855,16504753,96508036.0625,756767674900.85,752361
12/26/2017,151469.2196,16664340,96528419.75,743062865870.104,813510
12/27/2017,152530.5011,16858137,96548952.875,826181804792.266,912752
12/28/2017,156618.8488,17052881,96569387,832962895657.955,949503
12/29/2017,153605.9851,17303659,96589852.34375,1007437081367.73,1090191
12/30/2017,154787.985,17585213,96610395.6875,972744759532.174,1136659
12/31/2017,156919.1805,17776281,96630853.0625,871221521887.44,946981
1/1/2018,159441.8475,17938270,96651474.40625,768440906472.797,908945
1/2/2018,159057.5377,18191370,96672035.46875,1053030166302.172,1153936
1/3/2018,158805.4552,18506786,96692634.6875,1240294973186.69,1238030
1/4/2018,162473.4175,18859674,96713600.5625,1483652748503.63,1349890
1/5/2018,166391.1687,19204548,96734515.4375,3180856480067.08,1271577
1/6/2018,163074.7937,19514639,96755466.59375,3641860337658.126,1226417
1/7/2018,169010.8826,19763407,96776644.53125,2910382039958.15,1152722
1/8/2018,168775.8944,20033919,96797247.96875,2944304860478.387,1215473
1/9/2018,170785.6861,20318500,96817983.78125,3091626897023.07,1256240
1/10/2018,174332.6871,20602130,96839065.71875,3696646401950.23,1177685
1/11/2018,179701.776,20895898,96860099,3132478755097.157,1173965
1/12/2018,180394.1239,21155166,96881014.25,2324709275834.57,1118757
1/13/2018,181051.4051,21395471,96901697.46875,2411655583204.59,1179321
1/14/2018,185408.671,21604361,96922723.71875,2236838275781.16,1081593
1/15/2018,181636.7811,21839435,96943133.09375,2227026797607.142,1206420
1/16/2018,187122.9824,22114259,96964022.5625,2229811909529.92,1277936
1/17/2018,191023.8179,22381860,96984863.9375,2069225744436.101,1277083
1/18/2018,189281.4868,22634368,97005421.25,2153066738944.2,1205184
1/19/2018,188933.6732,22828921,97026051.6875,1866326524035.5,1043257
1/20/2018,196739.0047,23003063,97046812.625,1776831019809.79,984489
1/21/2018,192489.0949,23162408,97067087.28125,1323960385411.047,1006530
1/22/2018,197018.312,23338178,97087654.15625,1196762656913.288,972911
1/23/2018,196608.2455,23505384,97108140.21875,1439104280078.01,928494
1/24/2018,201694.5298,23669931,97128715.625,1292593054752.97,913668
1/25/2018,203394.4979,23769900,97149055.0625,1058460297722.43,788515
1/26/2018,203454.7751,23937049,97169456.09375,958758910850.724,953429
1/27/2018,202106.5578,24068667,97189877.28125,816463979895.03,831992
1/28/2018,204748.658,24218600,97210440.59375,887823405460.726,889104
1/29/2018,213099.1585,24362665,97230997.34375,1275091188892.74,936845
1/30/2018,210494.5728,24517031,97251302.28125,1062581044814.68,906578
1/31/2018,215826.4032,24670526,97271840.65625,1068648284563.71,877284
2/1/2018,221004.0257,24828260,97292382.78125,1550754475171.31,1008759
2/2/2018,224386.69,24999905,97313024.375,1202446581711.13,981133
2/3/2018,223750.0072,25122116,97333343.46875,887378180489.834,814486
2/4/2018,223628.198,25254067,97353658.90625,844771117177.603,800876
2/5/2018,229317.1819,25384970,97374292.71875,873209993830.72,875761
2/6/2018,226643.546,25526820,97394674.34375,925671715837.919,888219
2/7/2018,232001.6424,25643425,97415108.09375,850591810780.425,818625
2/8/2018,229493.3998,25726766,97435492.4375,654747657376.655,681344
2/9/2018,232843.1343,25837403,97455764.5625,702094308269.009,789807
2/10/2018,234466.2002,25966970,97476452.28125,761995777804.93,848390
2/11/2018,236401.4541,26075186,97496576.5625,646192856431.445,773496
2/12/2018,241154.4129,26210379,97517062.53125,642814524280.485,829020
2/13/2018,242643.0985,26316941,97537506.96875,631470109460.301,745822
2/14/2018,236293.682,26424354,97557559.53125,642037200275.275,746384
2/15/2018,238380.589,26539853,97578167.9375,634597078790.458,777318
2/16/2018,243106.1504,26638444,97598540.1875,601582134922.607,704758
2/17/2018,243542.0698,26736333,97619091.3125,678768793334.74,772079
2/18/2018,243539.0262,26823106,97639437.40625,766145047919.866,756092
2/19/2018,242911.4767,26922296,97659862.15625,656179260443.437,811384
2/20/2018,239653.9119,27047792,97680269.46875,745416963641.881,886897
2/21/2018,241642.47,27149585,97700941.90625,741308287976.547,850504
2/22/2018,243671.4308,27240652,97721343.125,614720011616.645,761893
2/23/2018,245866.6703,27328384,97742009.375,626411385520.844,733084
2/24/2018,244536.0463,27404703,97762490.375,626790309264.323,732861
2/25/2018,250331.8931,27479291,97782705.40625,548954074265.911,690582
2/26/2018,247528.6317,27573841,97803040.71875,546312001807.188,737453
2/27/2018,243300.4607,27673518,97823453.46875,564395121085.298,694583
2/28/2018,252048.8658,27770734,97844022.59375,749088778484.977,720368
3/1/2018,253200.9448,27864480,97864409.75,571259398160.711,684404
3/2/2018,255012.3761,27959059,97885084.71875,734409679953.661,744666
3/3/2018,260398.6003,28044352,97905520.53125,508960376279.592,673465
3/4/2018,253539.203,28114374,97925740.8125,553921798490.833,643241
3/5/2018,254483.1024,28199238,97946060.1875,633967897090.79,752756
3/6/2018,255139.4372,28283444,97966504.34375,516093938893.653,712591
3/7/2018,263414.6349,28377828,97987121.28125,610123386230.882,783757
3/8/2018,262514.1983,28462264,98007421.625,540633566535.207,690139
3/9/2018,256561.6774,28549773,98027795.9375,500781516992.98,650058
3/10/2018,259056.4904,28628624,98048261.84375,397480635309.803,591377
3/11/2018,257997.7068,28694663,98068789.53125,361572810783.517,608899
3/12/2018,259747.3582,28767647,98089149.96875,513422000331.516,677908
3/13/2018,259172.212,28848651,98109531.59375,391731498948.58,699093
3/14/2018,256444.9328,28932693,98129943.125,421588644264.633,671198
3/15/2018,259568.9864,29013344,98150437.4375,393576583529.219,654531